listing_type,id,name,author,author_alias,attribution_link,project_key,project_name,total_downloads,2026_03_11,2026_03_12,2026_03_13,2026_03_14,2026_03_15,2026_03_16,2026_03_17,2026_03_18,2026_03_19,2026_03_20,2026_03_21,2026_03_22,2026_03_23,2026_03_24,2026_03_25,2026_03_26,2026_03_27,2026_03_28,2026_03_29,2026_03_30,2026_03_31,2026_04_01,2026_04_02,2026_04_03,2026_04_04,2026_04_05,2026_04_06,2026_04_07,2026_04_08,2026_04_09,2026_04_10,2026_04_11,2026_04_12,2026_04_13,2026_04_14,2026_04_15,2026_04_16,2026_04_17,2026_04_18,2026_04_19,2026_04_20,2026_04_21,2026_04_22,2026_04_23,2026_04_24,2026_04_25,2026_04_26,2026_04_27,2026_04_28,2026_04_29,2026_04_30,2026_05_01,2026_05_02,2026_05_03,2026_05_04,2026_05_05,2026_05_06,2026_05_07,2026_05_08,2026_05_09,2026_05_10,2026_05_11,2026_05_12,2026_05_13,2026_05_14,2026_05_15,2026_05_16,2026_05_17,2026_05_18,2026_05_19,2026_05_20,2026_05_21,2026_05_22,2026_05_23,2026_05_24,2026_05_25,2026_05_26,2026_05_27,2026_05_28,2026_05_29,2026_05_30,2026_05_31
mod,advanced-analytics,Advanced Analytics,stefanorigano,Steno,https://github.com/stefanorigano,stefanorigano/advanced_analytics,advanced_analytics,6889,233,42,63,55,34,41,66,34,32,47,43,40,44,33,47,39,61,65,97,142,157,164,91,84,91,135,249,147,170,166,186,202,162,116,74,74,66,178,127,184,212,116,105,58,64,173,196,172,102,103,74,75,66,78,76,63,42,43,64,50,62,66,61,44,54,45,48,43,28,36,31,30,35,39,34,31,25,22,41,38,26,37
map,greater-los-angeles,Greater Los Angeles,rslurry,slurry,https://github.com/rslurry,rslurry/subwaybuilder-maps,subwaybuilder-maps,2406,0,0,0,10,19,12,19,3,9,24,11,8,13,12,13,16,18,17,27,26,16,19,18,23,17,19,17,22,52,31,24,26,42,22,23,26,19,135,104,83,107,58,54,32,26,29,39,47,113,77,47,34,28,41,29,23,18,26,26,35,38,40,30,38,29,37,38,22,22,16,19,19,16,22,17,17,15,12,17,19,18,21
mod,subwaybuilder-regions,Regions,ahkimn,Yukina-,https://subwaybuildermodded.com/credits,ahkimn/subwaybuilder-regions,subwaybuilder-regions,2286,103,20,24,16,12,13,16,7,15,18,14,17,13,10,22,12,16,18,17,35,22,26,18,19,21,91,83,64,46,26,36,35,48,25,17,24,20,22,14,14,26,19,13,13,6,20,37,98,65,40,33,34,36,45,37,27,20,24,16,23,27,20,27,17,25,24,22,19,14,17,13,12,16,13,18,45,55,49,46,26,33,27
mod,distance-circles,Station Catchment Viewer,crumpetime,muffintime,https://github.com/crumpetime,crumpetime/subway_builder_distance_circles,subway_builder_distance_circles,2037,0,0,0,6,34,20,27,16,12,25,30,30,30,15,24,20,19,23,39,55,39,36,22,24,35,38,39,27,33,27,26,30,61,29,17,22,26,22,28,28,42,22,24,18,18,30,61,62,33,38,21,25,24,39,23,18,16,23,17,24,26,31,26,31,28,17,16,22,14,15,16,17,14,15,15,22,17,13,18,13,22,17
mod,simple-trains,Simple Trains,Bobby-047,Bobby-047,https://github.com/Bobby-047,bobby-047/some-new-trains,Some-new-Trains,1827,0,0,0,0,0,0,0,0,0,0,0,0,0,0,0,0,0,0,0,0,0,0,0,15,54,53,0,0,28,66,62,44,49,33,24,25,26,28,35,31,38,27,22,20,25,28,55,36,21,28,21,25,21,27,27,42,73,59,57,58,43,47,41,40,28,27,26,33,24,20,16,15,21,21,32,15,15,19,15,18,13,15
mod,danield1909-dantrains,"danTrains (v1.* ""Phoenix"")",DanielD1909,DanielD1909,https://github.com/DanielD1909,danield1909/dantrains,danTrains,1798,0,0,0,9,27,23,29,35,31,30,24,28,25,18,22,31,56,31,38,50,47,38,19,34,14,34,39,17,29,55,58,45,47,79,36,36,24,27,27,29,31,25,17,14,14,13,36,26,22,26,14,17,16,16,22,17,16,9,5,7,8,18,13,11,7,8,9,14,13,8,6,4,7,6,9,7,10,6,6,8,10,6
mod,transit-overlay,Transit Overlay,BarKuperman,BarKuperman,https://github.com/BarKuperman,barkuperman/transit-overlay-subway-builder-mod,transit-overlay-subway-builder-mod,1755,88,13,28,17,14,7,18,6,13,25,24,10,11,11,14,8,14,14,14,35,23,18,21,19,21,27,15,15,27,15,12,50,99,59,45,37,39,38,26,31,41,22,18,14,20,23,35,42,24,24,14,20,14,21,28,11,10,15,11,23,19,22,18,13,16,10,15,14,15,12,7,11,14,7,13,17,12,16,19,13,10,11
map,toronto,Toronto,devenperez,devenperez,https://github.com/devenperez,devenperez/subway-builder-canadian-maps,subway-builder-canadian-maps,1683,297,10,19,0,31,4,11,22,14,21,25,15,20,13,16,14,19,18,16,32,30,20,16,14,21,24,16,22,42,40,39,36,41,26,25,28,20,19,14,16,20,22,14,11,14,21,20,22,19,12,10,13,9,11,15,10,12,13,16,19,17,12,9,13,14,12,17,7,8,7,7,10,7,22,8,10,17,10,17,9,11,10
map,seoul-4,Seoul (40km×40km),kimth9,kimth9,https://github.com/kimth9,kimth9/sb_korean_map_pack,sb_korean_map_pack,1555,0,0,0,0,0,0,0,0,0,0,0,0,0,0,0,0,0,0,0,0,0,0,0,0,0,0,0,0,0,0,0,0,0,72,102,72,57,56,56,55,28,37,19,26,46,60,40,61,48,47,17,28,38,28,33,19,24,25,33,34,28,5,18,25,19,18,17,13,20,16,6,14,18,23,38,24,15,18,17,18,9,15
map,jelegend-tokyo,東京 (Tokyo),jelegend,jelegend,https://github.com/jelegend,jelegend/subwaybuilder,subwaybuilder,1538,0,0,0,0,0,0,0,0,0,0,0,0,0,0,0,0,0,0,0,0,0,0,0,0,0,0,0,0,0,0,59,51,43,38,26,61,51,131,116,71,104,65,36,31,38,32,32,40,31,18,13,33,18,29,18,18,21,22,13,18,21,17,18,12,14,11,10,8,17,13,6,16,6,10,13,5,8,15,8,12,11,10
mod,valdotoriums-trains,Valdotoriums S-Bahn and Trams,Valdotorium,Valdotorium,https://github.com/Valdotorium,valdotorium/valdotoriums_trains,Valdotoriums_Trains,1534,0,0,0,0,2,16,19,13,7,29,24,23,35,37,45,30,0,0,2,80,83,21,0,0,0,0,42,8,61,42,49,40,45,31,24,25,19,15,23,27,21,9,21,12,14,16,34,27,23,13,14,21,24,27,26,16,19,11,18,16,19,14,17,9,13,10,9,8,9,12,7,10,8,8,16,12,10,8,8,7,9,12
mod,citymapper,Citymapper,Gio1112,giorgiodabest,https://giorgio.is-a.dev/,gio1112/subway-builder-citymapper,subway-builder-citymapper,1441,0,0,0,0,0,10,18,16,8,21,31,27,24,34,19,33,45,2,0,2,0,0,0,0,0,0,0,0,3,10,79,79,60,45,26,25,16,20,22,16,25,16,13,6,9,16,54,62,39,34,25,26,30,31,26,23,13,16,19,17,16,17,14,15,10,14,8,12,10,10,8,12,8,8,20,8,7,12,11,10,7,13
map,yukina-osaka,大阪 (Ōsaka),ahkimn,Yukina-,https://subwaybuildermodded.com/credits,ahkimn/subwaybuilder-jp-maps,subwaybuilder-jp-maps,1310,0,0,0,0,0,0,0,0,0,0,0,0,1,15,8,21,46,37,35,46,31,35,21,28,19,33,29,20,31,70,57,46,34,34,18,23,16,14,16,12,12,16,60,40,37,36,28,20,21,13,7,19,16,14,9,14,7,4,10,6,7,6,12,13,5,4,9,4,7,6,4,5,1,5,5,2,4,3,5,5,4,9
mod,any-money,anyMoney,nzh0172,naz,https://github.com/nzh0172,nzh0172/sb-anymoney,sb-anymoney,1178,0,0,0,0,0,0,0,0,1,11,12,4,15,15,11,17,33,29,30,35,45,21,27,19,17,28,19,18,31,12,20,17,30,19,17,13,13,11,18,11,14,8,10,5,10,17,35,29,15,13,12,13,21,24,27,14,12,13,11,14,23,18,19,15,13,8,8,16,13,6,9,5,9,5,10,9,11,10,10,8,10,7
map,montreal,Montreal,devenperez,devenperez,https://github.com/devenperez,devenperez/subway-builder-canadian-maps,subway-builder-canadian-maps,1145,227,9,15,0,24,4,8,13,9,11,14,7,10,14,15,9,6,9,8,25,21,16,13,10,8,15,15,21,32,34,23,20,28,21,10,13,10,9,7,12,14,13,5,14,6,14,10,10,9,17,4,7,9,12,12,8,8,6,8,13,7,7,5,8,14,3,17,9,7,7,7,10,10,9,6,9,8,6,7,4,5,6
map,ciudad-de-mexico,Ciudad de México,rslurry,slurry,https://github.com/rslurry,rslurry/subwaybuilder-maps,subwaybuilder-maps,1144,0,0,0,0,0,0,0,0,0,0,0,0,0,0,0,0,0,0,0,0,0,0,0,0,0,0,0,67,55,30,101,87,60,29,31,31,18,13,13,16,16,15,8,9,11,10,16,9,14,8,9,12,8,11,80,40,26,27,29,16,21,16,16,10,7,15,14,10,10,13,6,11,5,13,5,8,7,4,5,10,6,7
map,mfn-hong-kong,Hong Kong,crumpetime,muffintime,https://github.com/crumpetime,crumpetime/sb-maps-hkg,sb-maps-hkg,1094,74,9,24,21,7,3,4,10,8,9,19,15,12,7,11,12,21,11,19,26,20,19,17,18,18,20,23,10,39,23,22,27,37,22,16,21,13,9,20,12,9,11,12,9,11,10,19,19,9,13,8,11,11,10,8,9,7,12,16,8,10,8,6,4,10,5,4,10,4,12,4,3,4,6,11,5,6,2,7,4,7,12
map,berlin-val,Berlin,Valdotorium,Valdotorium,https://github.com/Valdotorium,valdotorium/railyard-maps-2,Railyard-Maps-2,1079,0,0,0,0,0,0,8,14,11,9,10,4,8,3,6,13,14,16,17,35,24,25,12,15,24,17,18,24,39,24,27,23,38,23,17,20,14,18,18,16,23,10,14,8,9,23,22,24,17,11,10,10,14,12,16,17,8,8,8,9,8,8,11,13,11,8,10,13,6,14,12,10,3,10,7,7,11,5,7,10,6,12
map,los-angeles-county,Los Angeles County,rslurry,slurry,https://github.com/rslurry,rslurry/subwaybuilder-maps,subwaybuilder-maps,1048,0,0,0,0,20,4,11,6,8,9,7,7,8,3,5,6,9,8,11,26,11,15,13,6,9,9,6,14,28,13,18,13,25,17,13,9,12,6,66,38,64,29,17,7,11,15,11,27,50,27,24,25,17,21,18,10,13,10,8,11,12,12,9,13,7,7,11,9,1,9,6,5,2,6,4,4,3,1,9,5,2,7
mod,network-status,Network Status,Valdotorium,Valdotorium,https://github.com/Valdotorium,valdotorium/network-status,network-status,1037,0,0,0,0,0,0,0,0,0,0,0,0,0,0,0,0,0,0,0,0,0,0,0,0,0,40,7,0,68,34,36,32,39,32,27,26,22,18,25,27,26,18,19,11,15,20,30,29,19,19,12,19,16,16,14,19,14,15,10,25,16,13,15,7,16,5,6,14,11,7,8,12,6,8,14,11,9,8,17,13,10,12
map,zurich,Zurich,Kronifer,Kronifer,https://github.com/Kronifer,kronifer/sb-zurich-map,sb-zurich-map,1000,102,9,9,9,5,5,4,7,5,0,11,7,8,4,7,14,15,11,17,26,23,21,15,12,6,15,13,19,32,21,13,20,29,19,11,23,16,11,12,15,12,6,17,11,12,15,17,18,9,10,7,7,15,9,8,6,7,9,15,5,13,11,9,8,8,6,6,8,9,7,8,9,4,1,14,8,2,3,5,7,11,7
mod,station-dots,Station Dots,nzh0172,naz,https://github.com/nzh0172,nzh0172/sb-station-dots,sb-station-dots,961,0,0,0,0,0,0,0,0,0,0,0,0,0,0,0,0,0,0,0,0,0,0,8,12,10,22,26,24,28,23,22,25,29,18,18,12,10,6,4,9,16,10,7,7,6,18,23,23,14,11,10,8,12,10,10,4,15,9,6,13,15,38,48,33,36,18,17,25,13,13,19,17,14,9,14,11,20,7,15,11,15,15
map,vancouver,Vancouver,devenperez,devenperez,https://github.com/devenperez,devenperez/subway-builder-canadian-maps,subway-builder-canadian-maps,949,180,8,7,0,18,1,3,5,9,13,13,11,8,9,15,4,6,9,10,25,16,13,20,10,8,10,15,15,30,26,13,14,20,17,8,17,8,5,17,7,8,11,8,7,7,6,12,11,12,10,7,6,10,11,12,9,7,6,8,12,10,14,6,6,3,3,7,5,2,4,6,7,2,7,4,2,6,5,14,3,5,5
map,barcelona,Barcelona,Maximilian284,max02,https://github.com/Maximilian284,maximilian284/subwaybuilder-es-maps,subwaybuilder-es-maps,919,0,0,0,0,0,0,0,0,0,0,0,0,0,0,0,0,0,0,0,0,0,46,40,25,29,30,16,20,126,108,140,0,0,0,0,0,0,0,0,0,0,8,6,9,6,11,21,16,10,12,11,6,8,14,10,4,9,7,11,10,9,6,6,6,11,8,6,8,5,9,6,8,5,9,5,5,6,5,5,4,10,8
map,amsterdam,Amsterdam,ryandicicco,ryandicicco,https://github.com/ryandicicco,ryandicicco/subway-builder-maps,Subway-Builder-Maps,857,63,8,14,14,16,3,4,7,5,13,10,1,11,5,8,7,10,6,12,40,21,26,14,12,14,15,17,10,37,18,17,17,25,15,7,18,11,12,7,10,9,5,9,5,10,8,14,11,11,10,9,4,7,9,9,4,9,8,3,10,5,6,6,4,5,5,11,9,5,6,4,1,2,2,7,8,3,2,5,6,9,2
map,sydney,Sydney,WillBarouch,WillBarouch,https://github.com/WillBarouch,willbarouch/subwaybuilder-sydney,subwaybuilder-sydney,843,0,0,0,0,0,0,0,0,0,0,0,5,21,11,10,20,21,20,17,30,15,18,21,13,8,18,13,11,39,18,20,28,29,16,13,19,7,10,12,20,15,13,9,6,8,7,13,13,5,13,4,3,16,10,11,7,11,6,13,8,5,8,12,9,4,5,6,5,13,9,3,4,1,17,3,3,2,5,8,9,13,5
map,yukina-kyoto,京都 (Kyōto),ahkimn,Yukina-,https://subwaybuildermodded.com/credits,ahkimn/subwaybuilder-jp-maps,subwaybuilder-jp-maps,840,73,10,7,11,14,14,5,6,5,12,11,8,9,6,9,11,9,6,13,35,15,23,19,13,12,18,20,12,29,16,10,11,18,9,5,13,5,9,5,60,31,17,13,11,16,7,5,8,12,10,0,9,7,4,5,6,3,5,5,2,5,4,1,5,6,0,7,7,5,3,5,3,2,1,3,1,1,0,3,1,2,3
map,glasgow-edinburgh,Glasgow-Edinburgh,Kronifer,Kronifer,https://github.com/Kronifer,kronifer/sb-glasgow-edinburgh-map,sb-glasgow-edinburgh-map,795,0,0,0,0,0,0,0,0,0,0,0,0,0,0,0,1,63,38,38,21,29,20,8,21,14,17,12,11,32,20,15,15,29,19,23,19,13,5,10,9,8,7,5,8,7,12,9,20,4,5,7,8,11,10,9,6,6,11,6,10,12,3,5,7,9,3,9,4,13,1,6,9,2,10,1,6,4,3,3,8,2,4
mod,tod,Transit-Oriented Development[beta],hsullivan1201,hsullivan1201,https://github.com/hsullivan1201,hsullivan1201/sb-tod,sb-tod,784,0,0,0,0,0,0,0,0,0,0,0,0,0,0,0,0,0,0,0,0,0,0,0,0,0,0,0,0,0,0,0,0,0,0,0,0,0,0,0,0,0,0,0,0,0,0,0,0,0,0,0,0,0,0,0,0,0,0,0,0,0,0,0,0,0,0,0,0,0,0,0,0,19,55,55,84,133,72,110,93,89,74
map,seoul-3,Seoul (30km×30km),kimth9,kimth9,https://github.com/kimth9,kimth9/sb_korean_map_pack,sb_korean_map_pack,782,0,0,0,0,0,0,0,0,0,0,0,0,0,0,0,0,0,0,0,0,0,0,0,0,0,0,0,0,0,0,0,0,0,40,27,28,43,24,14,19,13,19,11,15,14,24,15,31,23,16,6,13,15,22,23,9,9,11,27,28,16,7,18,13,14,16,16,7,13,18,5,9,12,8,20,5,3,7,8,8,4,16
map,madrid,Madrid,Maximilian284,max02,https://github.com/Maximilian284,maximilian284/subwaybuilder-es-maps,subwaybuilder-es-maps,767,0,0,0,0,0,0,0,0,0,0,0,0,0,0,0,0,0,0,0,0,0,44,29,25,36,15,11,25,111,85,137,0,0,0,0,0,0,0,0,0,0,0,0,5,12,7,12,18,15,7,7,9,8,7,9,3,6,5,7,7,6,2,3,6,8,3,6,3,4,6,5,7,4,7,2,5,3,3,6,3,9,4
map,singapore-val,Singapore,Valdotorium,Valdotorium,https://github.com/Valdotorium,valdotorium/railyard-maps-2,Railyard-Maps-2,761,0,0,0,0,0,0,7,8,9,10,11,8,6,10,8,7,18,14,14,24,16,23,11,11,12,20,13,11,37,17,20,27,19,18,7,19,7,15,8,9,9,7,4,4,9,13,13,14,10,8,4,4,8,16,8,7,7,5,6,5,5,10,6,6,13,6,5,5,4,7,6,4,2,4,5,4,2,9,6,6,5,6
map,yukina-cz-praha,Praha,ahkimn,Yukina-,https://subwaybuildermodded.com/credits,ahkimn/subwaybuilder-eu-maps,subwaybuilder-eu-maps,734,0,0,0,0,0,0,0,0,0,0,0,0,0,0,0,0,0,0,0,0,0,0,0,0,0,0,0,0,0,0,0,0,0,0,0,0,0,0,0,0,0,0,0,0,0,0,51,56,42,15,26,32,20,52,36,28,27,12,15,14,11,9,12,10,8,10,20,15,9,56,21,18,14,17,16,8,12,8,4,11,11,8
map,busan-4,Busan (40km×40km),kimth9,kimth9,https://github.com/kimth9,kimth9/sb_korean_map_pack,sb_korean_map_pack,698,0,0,0,0,0,0,0,0,0,0,0,0,0,0,0,0,0,0,0,0,0,0,0,0,0,0,0,0,0,0,0,0,0,47,55,37,19,17,24,17,17,16,7,9,18,30,19,13,16,16,3,8,17,13,5,11,8,13,14,9,8,11,5,15,7,6,6,5,4,12,7,6,20,16,20,17,6,11,17,6,7,8
mod,game-speedup,Game SpeedUp,Valdotorium,Valdotorium,https://github.com/Valdotorium,valdotorium/speed-mod,speed-mod,659,0,0,0,0,0,0,0,0,0,0,0,0,0,0,0,0,0,0,0,0,0,0,0,0,0,0,0,0,0,0,0,0,12,30,20,27,21,17,26,26,22,11,12,15,8,17,23,22,16,13,16,14,9,11,11,8,12,15,12,10,16,11,13,13,11,6,5,8,12,8,1,8,9,5,9,7,10,8,13,11,9,10
mod,mode-manager,Mode Manager,Mpfk,Mpfk,https://github.com/Mpfk,mpfk/subway-builder-mode-manager,subway-builder-mode-manager,608,0,0,0,0,0,0,0,0,0,0,0,0,0,0,0,0,0,0,0,0,0,0,0,0,0,0,0,0,0,0,0,0,0,0,0,0,0,0,0,0,0,0,0,0,0,0,0,0,0,0,0,0,0,0,0,0,0,0,0,0,0,0,4,37,26,45,26,34,26,75,56,28,22,29,28,38,26,10,25,23,16,34
map,helsinki,Helsinki,rslurry,slurry,https://github.com/rslurry,rslurry/subwaybuilder-maps,subwaybuilder-maps,596,0,0,0,0,0,0,0,0,0,0,0,0,0,0,0,0,0,0,0,0,0,0,0,0,0,0,0,0,0,0,0,0,0,0,0,0,0,0,0,0,1,50,41,61,26,30,22,61,32,28,16,16,22,19,13,11,6,7,6,7,10,11,7,5,7,4,7,6,2,6,6,5,6,7,7,4,2,4,1,5,2,7
map,yukina-fukuoka,福岡 (Fukuoka),ahkimn,Yukina-,https://subwaybuildermodded.com/credits,ahkimn/subwaybuilder-jp-maps,subwaybuilder-jp-maps,565,43,6,4,3,11,9,2,5,3,5,7,1,4,8,7,4,4,4,6,29,8,14,5,7,8,10,7,3,14,8,6,12,16,9,3,6,8,37,16,11,9,6,31,17,7,5,9,10,9,4,1,4,5,5,4,6,4,4,3,1,2,4,2,1,4,1,4,8,1,3,1,2,1,0,2,2,2,1,0,1,1,5
map,incheon-4,Incheon (40km×40km),kimth9,kimth9,https://github.com/kimth9,kimth9/sb_korean_map_pack,sb_korean_map_pack,521,0,0,0,0,0,0,0,0,0,0,0,0,0,0,0,0,0,0,0,0,0,0,0,0,0,0,0,0,0,0,0,0,0,32,24,20,21,14,16,12,17,12,7,10,9,17,9,8,13,18,3,7,10,6,11,2,8,14,9,11,11,4,6,13,6,10,8,3,8,5,3,7,14,15,13,11,6,9,14,6,2,7
map,milan,Milan,Maximilian284,max02,https://github.com/Maximilian284,maximilian284/subwaybuilder-it-maps,subwaybuilder-it-maps,508,0,0,0,0,0,0,0,70,3,2,2,0,6,3,4,10,9,6,4,13,19,17,5,5,9,7,7,8,15,12,18,8,18,7,5,11,5,7,7,5,3,2,6,5,1,4,6,10,7,5,7,2,6,2,10,4,4,5,4,2,9,8,5,3,6,3,8,2,3,7,1,2,3,4,1,5,2,2,6,1,3,2
map,monterrey,Monterrey,rslurry,slurry,https://github.com/rslurry,rslurry/subwaybuilder-maps,subwaybuilder-maps,499,0,0,0,0,0,0,0,0,0,0,0,0,0,0,0,0,0,0,0,0,0,0,0,0,13,52,32,18,14,5,37,40,21,13,3,8,4,4,1,3,3,4,26,14,11,7,7,6,5,3,3,0,4,27,17,11,7,5,3,7,2,4,5,5,2,5,3,6,3,5,2,1,2,3,0,4,4,0,1,2,0,2
map,rome,Rome,Maximilian284,max02,https://github.com/Maximilian284,maximilian284/subwaybuilder-it-maps,subwaybuilder-it-maps,481,27,6,4,8,7,2,0,3,3,5,6,2,6,3,4,12,6,3,7,14,14,18,4,10,6,6,5,6,17,11,8,11,16,10,4,9,9,4,3,4,4,3,3,2,3,3,4,6,8,3,5,8,8,6,9,1,5,3,4,3,7,5,1,7,10,0,3,1,5,6,4,4,5,3,4,3,2,7,1,2,2,5
map,charleston-huntington-wv,Charleston-Huntington,PSWBSF,Potato Spaghetti Water Balloon Space Federation,https://youtu.be/dQw4w9WgXcQ?t=0,pswbsf/charleston-huntington-wv,charleston-huntington-wv,465,0,0,0,0,0,0,0,0,0,0,0,0,0,0,0,0,0,0,0,0,0,0,0,0,0,0,0,4,2,9,5,0,0,0,13,6,6,7,3,5,8,16,5,9,10,9,12,9,5,8,14,5,13,17,4,0,13,5,6,4,12,10,8,10,14,15,13,13,7,13,10,11,7,18,9,10,14,5,6,9,10,9
map,guadalajara,Guadalajara,rslurry,slurry,https://github.com/rslurry,rslurry/subwaybuilder-maps,subwaybuilder-maps,455,0,0,0,0,0,0,0,0,0,0,0,0,0,0,0,0,0,0,0,0,0,0,0,0,0,0,28,29,18,34,46,39,20,10,7,5,2,6,1,3,2,4,18,16,12,8,7,4,3,0,2,0,5,27,17,9,3,5,6,3,2,8,5,8,1,5,1,3,2,1,1,3,1,3,1,2,6,0,0,1,0,2
map,dublin,Dublin,Kronifer,Kronifer,https://github.com/Kronifer,kronifer/sb-dublin-map,sb-dublin-map,447,91,8,14,15,6,2,2,3,7,3,8,6,10,4,7,10,11,11,10,11,20,19,11,9,6,0,0,0,0,0,0,0,0,0,0,0,0,0,0,0,0,0,0,0,0,0,0,0,8,11,3,5,7,7,5,5,9,4,6,10,7,2,3,7,4,1,1,4,5,3,3,3,1,3,1,1,4,0,0,5,2,3
map,guangzhou,Guangzhou,Kronifer,Kronifer,https://github.com/Kronifer,kronifer/sb-chinese-maps,sb-chinese-maps,441,0,0,0,0,0,0,0,0,0,0,0,0,0,0,0,0,0,0,0,0,0,0,0,0,0,0,0,0,0,0,0,0,0,0,0,0,0,0,0,0,0,0,0,0,0,0,10,40,24,14,32,36,20,13,10,18,10,2,6,6,49,29,25,17,7,9,5,3,9,5,3,7,2,3,3,3,4,4,3,4,2,4
mod,cinematic-camera,Cinematic Camera,TransitCore,TransitCore,https://github.com/TransitCore,transitcore/cinematic-camera,cinematic-camera,440,0,0,0,0,0,0,0,0,2,6,4,1,11,15,27,9,21,15,14,28,27,31,34,20,0,1,0,0,7,3,0,0,3,9,11,9,5,5,2,4,2,2,4,3,2,3,6,6,7,6,3,2,6,7,5,1,1,3,2,3,4,4,3,3,3,0,3,0,2,0,2,1,1,0,3,3,1,2,3,3,0,1
map,yukina-sapporo-chitose,札幌 (Sapporo),ahkimn,Yukina-,https://subwaybuildermodded.com/credits,ahkimn/subwaybuilder-jp-maps,subwaybuilder-jp-maps,432,40,8,7,6,11,12,3,4,3,0,3,2,4,6,5,3,6,3,5,17,7,7,7,5,6,8,6,5,15,5,7,6,13,8,2,7,2,6,1,34,12,7,8,3,5,1,5,7,12,4,0,4,4,3,6,5,2,2,5,1,0,4,4,3,1,0,4,1,2,2,0,1,0,0,0,3,1,3,1,0,0,1
map,ottawa,Ottawa,devenperez,devenperez,https://github.com/devenperez,devenperez/subway-builder-canadian-maps,subway-builder-canadian-maps,421,122,8,3,0,16,0,3,2,5,1,6,2,6,3,5,2,2,4,3,8,8,14,6,5,2,8,5,15,6,8,10,9,12,4,3,5,1,1,3,1,2,5,1,1,0,2,3,4,3,1,2,2,2,3,3,2,1,0,5,10,1,1,0,1,4,4,2,2,1,1,3,3,1,4,1,3,1,1,1,0,4,3
map,yukina-nagoya,名古屋 (Nagoya),ahkimn,Yukina-,https://subwaybuildermodded.com/credits,ahkimn/subwaybuilder-jp-maps,subwaybuilder-jp-maps,414,0,0,0,0,0,0,0,0,0,0,0,0,0,0,0,0,0,22,10,19,14,17,7,11,10,8,5,8,14,41,17,24,19,18,17,21,3,4,8,6,5,5,0,2,4,1,4,2,11,2,1,1,4,4,4,0,4,4,3,1,0,3,3,2,0,1,1,4,1,1,4,2,2,1,0,1,1,0,1,0,0,1
map,rotterdam-the-hague,Rotterdam-The Hague,ryandicicco,ryandicicco,https://github.com/ryandicicco,ryandicicco/subway-builder-maps,Subway-Builder-Maps,406,0,0,9,11,8,3,2,0,2,0,1,0,5,0,3,4,4,3,1,14,6,11,4,4,3,4,4,2,16,5,6,34,26,16,6,15,8,6,6,5,6,10,6,2,2,7,7,7,4,3,6,3,2,5,8,5,0,3,4,7,2,6,2,1,1,3,1,1,3,3,1,2,0,1,2,3,3,2,4,4,2,5
map,baltimore-dc-corridor,Baltimore-DC Corridor,rslurry,slurry,https://github.com/rslurry,rslurry/subwaybuilder-maps,subwaybuilder-maps,394,0,0,0,0,0,0,0,0,0,0,6,2,11,4,2,10,9,4,2,13,6,14,13,11,8,11,8,7,13,13,3,7,20,6,7,3,4,9,4,8,2,5,4,4,2,4,10,5,2,7,6,2,5,5,6,2,3,4,6,10,3,3,3,3,4,2,2,1,4,3,0,4,3,3,3,4,8,0,2,3,2,2
map,shanghai,Shanghai,Kronifer,Kronifer,https://github.com/Kronifer,kronifer/sb-chinese-maps,sb-chinese-maps,385,0,0,0,0,0,0,0,0,0,0,0,0,0,0,0,0,0,0,0,0,0,0,0,0,0,0,0,0,0,0,0,0,0,0,0,0,0,0,0,0,0,0,0,0,0,0,0,0,0,0,27,47,36,22,14,26,18,15,18,16,14,9,12,5,9,10,4,7,9,3,5,7,4,7,5,4,6,0,7,5,7,7
map,calgary,Calgary,devenperez,devenperez,https://github.com/devenperez,devenperez/subway-builder-canadian-maps,subway-builder-canadian-maps,381,128,6,2,0,16,0,0,3,2,0,2,3,6,3,7,2,2,2,3,11,6,8,5,3,6,3,5,8,11,8,7,10,7,4,6,2,3,1,0,2,0,7,2,4,2,2,3,4,3,1,2,0,3,2,6,0,0,0,2,3,1,3,0,1,0,4,0,1,0,1,4,1,0,3,1,2,1,1,3,1,1,3
map,yukina-okinawa,沖縄 (Okinawa),ahkimn,Yukina-,https://subwaybuildermodded.com/credits,ahkimn/subwaybuilder-jp-maps,subwaybuilder-jp-maps,372,36,5,7,3,10,1,2,3,2,0,1,3,3,5,4,3,2,4,11,15,5,14,7,2,6,8,1,6,11,7,8,3,12,6,10,1,1,2,1,28,20,6,4,4,3,3,3,5,6,3,0,4,1,4,3,3,4,3,1,1,3,2,1,1,2,1,4,3,0,1,2,2,1,2,0,2,0,0,2,1,0,2
map,warsaw-val,Warsaw,Valdotorium,Valdotorium,https://github.com/Valdotorium,valdotorium/railyard-maps-2,Railyard-Maps-2,362,0,0,0,0,0,0,5,4,7,2,3,2,3,2,3,5,5,4,6,17,10,14,7,3,2,10,3,1,19,2,7,12,16,9,5,8,4,3,2,7,7,3,5,5,1,5,5,4,8,7,6,3,7,3,1,6,6,5,6,3,8,4,3,2,2,0,6,3,1,6,3,0,1,2,2,1,0,6,0,1,1,2
map,puerto-rico,Puerto Rico,rslurry,slurry,https://github.com/rslurry,rslurry/subwaybuilder-maps,subwaybuilder-maps,359,0,0,0,0,0,0,0,0,0,0,10,1,10,2,8,10,5,4,4,16,8,19,7,5,5,11,10,6,17,8,12,10,10,12,6,6,5,4,2,9,5,2,4,2,0,6,2,7,4,4,3,5,2,4,3,2,0,3,3,5,3,4,4,1,0,3,4,2,2,4,1,4,1,2,2,5,1,1,2,2,0,3
map,mfn-lasvegas,Las Vegas,crumpetime,muffintime,https://github.com/crumpetime,crumpetime/sb-maps-las,sb-maps-las,356,0,0,0,0,0,0,0,0,0,0,0,0,0,7,8,15,7,5,3,7,7,16,6,5,3,6,3,6,15,7,12,10,16,4,11,9,5,4,8,1,4,4,5,3,7,7,3,6,4,4,5,3,5,8,5,2,4,3,2,3,2,2,3,0,4,3,4,3,1,5,6,3,0,4,5,1,0,1,2,3,6,5
map,yukina-hiroshima-kure,広島 (Hiroshima),ahkimn,Yukina-,https://subwaybuildermodded.com/credits,ahkimn/subwaybuilder-jp-maps,subwaybuilder-jp-maps,353,31,6,4,5,10,5,3,5,3,2,3,2,4,6,8,5,6,3,3,16,9,8,3,3,4,19,20,22,13,7,8,11,5,10,3,9,4,6,0,1,4,0,4,0,2,1,0,1,4,3,0,2,2,1,4,2,1,1,2,1,0,2,1,1,1,1,0,4,0,5,1,0,1,2,0,1,0,1,0,1,0,1
map,edmonton,Edmonton,devenperez,devenperez,https://github.com/devenperez,devenperez/subway-builder-canadian-maps,subway-builder-canadian-maps,342,112,5,3,0,13,2,0,3,2,0,0,2,5,4,5,2,2,2,1,10,2,10,5,5,2,2,6,10,10,10,6,6,8,2,7,6,2,3,0,2,1,7,0,1,3,3,2,5,2,1,1,0,2,3,4,0,0,0,3,2,2,1,0,0,1,2,0,0,1,1,3,1,1,3,1,1,0,1,2,1,1,2
map,quebec-city,Quebec City,devenperez,devenperez,https://github.com/devenperez,devenperez/subway-builder-canadian-maps,subway-builder-canadian-maps,341,106,4,5,0,13,0,1,3,2,0,0,0,3,5,5,3,0,5,2,7,5,10,5,2,3,4,6,7,8,9,6,6,12,2,4,2,0,0,3,3,1,4,2,2,1,2,2,2,2,1,3,2,2,3,3,0,3,1,3,6,2,2,1,0,0,2,2,3,1,1,3,1,0,2,1,3,2,2,1,2,2,2
mod,satellite-overlay,Satellite Overlay,TransitCore,TransitCore,https://github.com/TransitCore,transitcore/satellite-overview,Satellite-Overview,309,0,0,0,0,0,0,0,0,0,0,0,0,0,0,0,0,0,0,0,0,0,0,0,0,0,0,0,0,0,0,0,0,0,0,0,0,0,0,0,0,0,0,0,0,0,0,0,0,0,0,0,0,0,0,0,0,0,0,0,0,0,17,20,21,19,24,16,11,19,22,11,14,14,11,12,13,11,11,17,11,7,8
map,busan-3,Busan (30km×30km),kimth9,kimth9,https://github.com/kimth9,kimth9/sb_korean_map_pack,sb_korean_map_pack,301,0,0,0,0,0,0,0,0,0,0,0,0,0,0,0,0,0,0,0,0,0,0,0,0,0,0,0,0,0,0,0,0,0,2,23,12,15,4,6,3,18,22,6,8,4,13,11,7,6,1,0,7,11,10,4,4,4,5,7,5,1,1,16,2,8,3,2,0,0,4,1,1,2,2,8,1,1,0,4,6,3,17
map,tel-aviv,Tel Aviv,BarKuperman,BarKuperman,https://github.com/BarKuperman,barkuperman/tlv-mod,TLV-mod,293,43,3,6,7,1,0,2,3,4,0,5,2,6,0,6,5,3,1,2,13,3,8,4,2,4,5,5,1,8,6,3,6,16,3,2,4,1,1,2,3,4,2,1,4,1,1,2,2,1,4,1,2,3,3,1,1,2,2,2,4,3,2,4,3,3,1,2,6,1,5,1,1,1,4,1,4,1,1,2,2,2,1
map,winnipeg,Winnipeg,devenperez,devenperez,https://github.com/devenperez,devenperez/subway-builder-canadian-maps,subway-builder-canadian-maps,274,106,4,2,0,8,0,0,3,3,0,2,3,5,2,2,5,2,0,1,5,3,7,4,3,2,3,2,9,6,9,4,5,6,3,3,2,2,0,2,1,0,3,1,1,3,1,1,2,2,1,0,0,2,2,2,0,0,0,1,2,0,2,1,0,0,2,0,0,1,1,2,1,0,2,1,0,0,1,2,2,0,3
map,yukina-tw-taipei,臺北 (Taipei),ahkimn,Yukina-,https://subwaybuildermodded.com/credits,ahkimn/subwaybuilder-tw-maps,subwaybuilder-tw-maps,273,0,0,0,0,0,0,0,0,0,0,0,0,0,0,0,0,0,0,0,0,0,0,0,0,0,0,0,0,0,0,0,0,0,0,0,0,0,0,0,0,0,0,0,0,0,0,0,0,0,0,0,0,0,0,0,0,0,0,0,0,0,0,0,0,0,0,0,0,0,0,0,0,0,0,17,46,60,36,40,19,26,29
map,cairo,Cairo,ryandicicco,ryandicicco,https://github.com/ryandicicco,ryandicicco/subway-builder-maps,Subway-Builder-Maps,271,0,0,0,0,0,0,0,0,0,0,0,0,0,0,20,5,8,5,4,10,5,12,3,1,4,5,1,3,12,7,24,26,19,5,5,1,2,3,4,4,1,1,2,2,3,3,1,3,1,2,2,2,3,1,2,3,5,2,0,1,5,0,1,1,2,6,0,2,0,3,2,0,0,0,2,1,0,1,0,1,5,1
map,bilbao,Bilbao,Maximilian284,max02,https://github.com/Maximilian284,maximilian284/subwaybuilder-es-maps,subwaybuilder-es-maps,265,0,0,0,0,0,0,0,0,0,0,0,0,0,0,0,0,0,0,0,0,0,21,12,9,6,6,4,4,44,32,47,0,0,0,0,0,0,0,0,0,0,0,0,2,0,3,6,5,3,3,1,2,3,4,3,0,2,3,5,3,2,3,0,0,4,1,4,1,2,2,2,0,1,2,1,3,0,0,0,0,2,2
map,mfn-madisonwi,Madison,crumpetime,muffintime,https://github.com/crumpetime,crumpetime/sb-maps-msn,sb-maps-msn,265,0,0,0,3,11,9,8,6,7,3,11,10,5,1,7,4,5,5,3,6,5,3,8,3,1,3,3,2,9,2,6,5,6,8,2,4,6,2,4,3,2,1,5,3,3,1,2,3,1,1,1,1,3,4,4,1,0,1,2,2,1,5,4,0,2,1,1,2,0,2,2,0,1,1,3,0,3,1,2,3,0,1
map,tampa-bay,Tampa Bay,rslurry,slurry,https://github.com/rslurry,rslurry/subwaybuilder-maps,subwaybuilder-maps,264,14,3,2,5,3,3,5,3,4,3,6,1,5,3,2,0,2,0,2,8,5,8,5,5,6,5,2,5,11,5,8,4,6,6,6,2,3,2,1,3,1,3,4,1,1,2,3,2,4,1,2,1,7,5,7,1,3,4,4,3,2,5,2,2,2,3,1,3,3,2,2,0,0,0,1,1,1,2,1,0,0,0
map,greater-kuala-lumpur,Greater Kuala Lumpur,nzh0172,naz,https://github.com/nzh0172,nzh0172/sb-malaysia-map-pack,sb-malaysia-map-pack,263,0,0,0,0,0,0,0,0,7,6,5,6,9,1,8,3,6,5,5,5,2,10,5,4,3,8,3,1,15,6,6,6,0,17,3,3,1,6,6,7,4,2,2,2,3,6,3,0,0,3,0,6,3,1,6,3,1,3,4,3,5,1,1,1,2,1,4,0,3,2,2,1,0,3,0,0,0,1,1,1,0,1
map,yukina-pl-krakow,Kraków,ahkimn,Yukina-,https://subwaybuildermodded.com/credits,ahkimn/subwaybuilder-eu-maps,subwaybuilder-eu-maps,263,0,0,0,0,0,0,0,0,0,0,0,0,0,0,0,0,0,0,0,0,0,0,0,0,0,0,0,0,0,0,0,0,0,0,0,0,0,0,0,0,0,0,0,0,0,0,0,0,0,0,0,0,0,0,0,0,9,13,18,12,12,12,8,8,17,25,5,9,10,10,28,15,8,7,10,9,2,1,5,2,5,3
map,bangkok,Bangkok,nzh0172,naz,https://github.com/nzh0172,nzh0172/sb-bangkok,sb-bangkok,259,0,0,0,0,0,0,0,0,0,0,0,0,0,0,0,0,0,0,0,0,0,0,0,0,0,20,25,14,8,10,7,15,10,7,6,11,6,6,2,5,2,2,1,2,5,3,1,2,5,3,1,3,5,3,4,4,1,4,5,4,5,2,2,0,3,1,1,1,2,4,3,2,2,3,3,1,2,2,1,1,4,2
map,valencia,Valencia,Maximilian284,max02,https://github.com/Maximilian284,maximilian284/subwaybuilder-es-maps,subwaybuilder-es-maps,259,0,0,0,0,0,0,0,0,0,0,0,0,0,0,0,0,0,0,0,0,0,26,9,5,5,6,2,6,54,36,52,0,0,0,0,0,0,0,0,0,0,0,0,0,0,0,0,0,3,0,1,4,1,4,0,1,1,1,6,3,2,2,0,6,1,1,0,1,3,1,2,2,2,2,1,2,0,0,1,2,1,1
map,greater-newyork,Greater NYC,chasemanning040911-afk,lechicken,https://github.com/chasemanning040911-afk,lechicken-nyc/greater-new-york,greater-new-york,254,0,0,0,0,0,0,0,0,0,0,0,0,0,0,0,0,0,0,0,0,0,0,0,0,0,0,0,0,0,0,0,0,0,0,0,0,0,0,0,0,0,0,0,0,0,0,0,0,0,0,0,0,11,45,28,17,17,20,14,9,12,7,6,4,5,5,8,7,1,5,3,1,1,3,2,4,1,9,4,2,0,3
map,yukina-kitakyushu-shimonoseki,北九州 (Kitakyūshū),ahkimn,Yukina-,https://subwaybuildermodded.com/credits,ahkimn/subwaybuilder-jp-maps,subwaybuilder-jp-maps,246,27,5,4,3,10,7,1,3,1,0,3,1,2,1,2,3,1,4,3,7,4,11,1,2,4,2,5,3,9,2,5,3,7,5,2,1,1,11,4,3,6,3,7,6,4,0,4,2,7,4,2,1,1,0,2,2,2,0,1,1,0,2,1,1,0,0,3,2,0,1,0,3,1,0,0,2,0,0,0,1,1,0
map,daytonatti,Daytonatti,soccerjonj,soccerjonj,https://github.com/soccerjonj,soccerjonj/daytonnati,Daytonnati,244,0,0,0,0,0,0,0,0,0,0,0,0,0,0,0,0,0,0,0,0,0,0,0,7,5,7,7,4,3,3,5,1,7,12,6,4,2,3,3,2,1,8,6,5,5,1,1,24,3,6,1,0,1,0,0,2,3,5,6,3,3,11,4,4,6,4,1,4,3,4,8,0,2,2,0,5,12,4,1,1,2,1
map,yukina-kobe-akashi,神戸 (Kōbe),ahkimn,Yukina-,https://subwaybuildermodded.com/credits,ahkimn/subwaybuilder-jp-maps,subwaybuilder-jp-maps,244,32,3,4,4,10,4,3,5,2,2,4,0,2,2,4,2,3,5,7,11,6,7,8,4,7,6,4,3,14,3,5,2,12,7,3,5,0,0,0,1,2,1,0,0,1,2,0,1,3,2,0,1,3,0,2,0,2,1,1,0,0,2,1,1,1,0,0,3,1,0,1,0,0,0,0,1,0,0,2,2,0,1
map,yukina-pl-warszawa,Warszawa,ahkimn,Yukina-,https://subwaybuildermodded.com/credits,ahkimn/subwaybuilder-eu-maps,subwaybuilder-eu-maps,230,0,0,0,0,0,0,0,0,0,0,0,0,0,0,0,0,0,0,0,0,0,0,0,0,0,0,0,0,0,0,0,0,0,0,0,0,0,0,0,0,0,0,0,0,0,0,0,0,0,0,0,0,0,0,0,0,0,0,0,0,0,0,0,13,21,22,6,10,13,21,30,18,12,10,11,10,7,1,6,3,8,8
map,bucharest-medium,Bucharest,metatablestudios,metatablestudios,https://github.com/metatablestudios,metatablestudios/subwaybuilder-romania,subwaybuilder-romania,228,0,0,0,0,0,0,0,0,0,0,0,0,0,0,0,0,0,0,0,0,0,24,18,19,15,16,9,4,47,30,46,0,0,0,0,0,0,0,0,0,0,0,0,0,0,0,0,0,0,0,0,0,0,0,0,0,0,0,0,0,0,0,0,0,0,0,0,0,0,0,0,0,0,0,0,0,0,0,0,0,0,0
mod,kr-ktp,Korean Transit Pack,kimth9,kimth9,https://github.com/kimth9,kimth9/sb_korean_transit_pack_v2,sb_korean_transit_pack_v2,225,0,0,0,0,0,0,0,0,0,0,0,0,0,0,0,0,0,0,0,0,0,0,0,0,0,0,0,0,0,0,0,0,0,0,0,0,0,0,0,0,0,4,8,12,21,18,8,14,12,6,5,10,8,6,9,5,4,3,7,6,6,7,3,3,3,4,1,2,5,1,3,0,2,3,2,4,2,1,3,1,2,1
map,south-florida,South Florida,kaicardenas0618,kaicardenas0618,https://github.com/kaicardenas0618,kaicardenas0618/subway-builder-sfl,subway-builder-sfl,221,0,0,0,0,0,0,0,0,0,0,0,0,0,0,0,0,0,0,0,0,0,0,0,0,0,12,11,6,7,4,8,6,4,4,0,0,2,0,1,3,1,6,12,19,8,6,12,6,2,3,2,2,3,4,4,5,2,3,2,4,7,3,7,1,0,3,2,3,3,2,0,0,3,2,2,1,1,4,2,0,0,1
map,greatertwincities,Greater Twin Cities,DanielD1909,DanielD1909,https://github.com/DanielD1909,danield1909/improvedtwincities,improvedTwinCities,214,0,0,0,0,10,8,8,5,5,5,8,7,7,5,4,5,4,2,2,7,4,7,2,1,1,1,3,1,12,6,7,2,7,3,1,2,2,3,1,3,2,1,4,0,0,2,0,3,0,2,1,0,1,4,1,1,2,1,3,1,2,5,1,0,0,2,2,0,1,1,1,0,0,0,0,2,0,5,1,0,0,1
map,orlando,Orlando,rslurry,slurry,https://github.com/rslurry,rslurry/subwaybuilder-maps,subwaybuilder-maps,206,0,0,0,0,0,0,0,0,0,0,0,2,6,1,2,4,3,0,1,6,4,10,5,2,5,8,6,1,13,4,4,7,4,4,4,3,2,5,3,2,3,5,2,4,0,2,2,2,3,0,1,2,3,4,6,4,2,4,0,5,0,0,4,1,0,1,0,2,2,2,1,3,2,1,1,2,2,1,0,3,1,2
map,yukina-pl-gdansk,Gdańsk,ahkimn,Yukina-,https://subwaybuildermodded.com/credits,ahkimn/subwaybuilder-eu-maps,subwaybuilder-eu-maps,203,0,0,0,0,0,0,0,0,0,0,0,0,0,0,0,0,0,0,0,0,0,0,0,0,0,0,0,0,0,0,0,0,0,0,0,0,0,0,0,0,0,0,0,0,0,0,0,0,0,0,0,0,0,0,0,0,8,11,16,8,8,6,3,12,17,16,8,8,5,6,16,14,13,4,5,6,3,0,0,4,3,3
map,jerusalem,Jerusalem,BarKuperman,BarKuperman,https://github.com/BarKuperman,barkuperman/jerusalem-sb-map,jerusalem-sb-map,199,20,3,4,6,3,2,2,5,2,0,5,2,5,1,4,5,4,1,0,7,1,8,3,1,1,3,3,0,12,21,20,0,0,0,0,0,0,0,0,3,2,0,2,3,1,1,1,2,1,1,3,3,1,2,1,0,1,0,0,3,0,3,0,2,0,0,1,0,0,1,1,0,0,1,0,0,0,0,0,2,2,1
map,dubai,Dubai,ryandicicco,ryandicicco,https://github.com/ryandicicco,ryandicicco/subway-builder-maps,Subway-Builder-Maps,198,0,0,0,0,0,0,0,0,0,0,0,0,0,0,0,0,0,0,0,0,0,0,0,0,0,0,0,0,0,0,0,0,0,0,0,0,0,0,0,0,0,0,0,27,20,9,14,11,4,9,6,8,5,7,4,8,1,3,2,3,7,1,0,4,0,5,3,5,2,3,4,4,1,2,2,1,1,1,3,2,4,2
map,naples,Naples,Maximilian284,max02,https://github.com/Maximilian284,maximilian284/subwaybuilder-it-maps,subwaybuilder-it-maps,194,0,0,0,0,0,0,0,23,3,0,1,2,2,2,2,7,3,1,3,6,2,8,1,2,2,2,3,2,6,4,8,4,4,3,8,7,0,0,1,3,2,1,3,3,1,1,3,1,5,0,1,3,4,2,1,3,4,2,4,1,2,1,0,1,1,1,1,1,0,2,2,1,1,1,0,2,3,2,0,1,0,1
map,yukina-sendai,仙台 (Sendai),ahkimn,Yukina-,https://subwaybuildermodded.com/credits,ahkimn/subwaybuilder-jp-maps,subwaybuilder-jp-maps,191,27,6,4,3,15,2,0,2,1,0,3,0,2,1,3,4,3,1,5,11,4,4,4,6,2,10,3,3,5,3,5,2,6,6,2,2,1,0,0,1,1,0,1,0,0,1,1,0,3,3,0,4,2,2,1,1,1,0,1,0,0,1,1,2,0,0,0,0,0,1,1,0,0,0,0,1,0,0,0,0,0,0
map,yukina-cz-brno,Brno,ahkimn,Yukina-,https://subwaybuildermodded.com/credits,ahkimn/subwaybuilder-eu-maps,subwaybuilder-eu-maps,188,0,0,0,0,0,0,0,0,0,0,0,0,0,0,0,0,0,0,0,0,0,0,0,0,0,0,0,0,0,0,0,0,0,0,0,0,0,0,0,0,0,0,0,0,0,0,16,17,4,12,8,6,3,16,9,11,5,4,3,3,1,1,1,1,1,5,2,5,3,15,8,4,4,5,3,2,3,0,2,2,2,1
map,trondheim-val,Trondheim,Valdotorium,Valdotorium,https://github.com/Valdotorium,valdotorium/railyard-maps-2,Railyard-Maps-2,182,0,0,0,0,0,0,4,0,4,0,1,0,2,1,3,3,2,0,6,13,1,7,4,1,5,4,3,0,7,1,3,3,8,4,3,5,4,1,1,1,2,3,2,1,1,9,5,4,3,2,0,0,2,3,1,2,1,2,2,2,3,1,1,0,6,2,1,1,2,1,0,0,2,1,0,3,2,1,0,0,1,2
map,shenzhen,Shenzhen,Kronifer,Kronifer,https://github.com/Kronifer,kronifer/sb-chinese-maps,sb-chinese-maps,178,0,0,0,0,0,0,0,0,0,0,0,0,0,0,0,0,0,0,0,0,0,0,0,0,0,0,0,0,0,0,0,0,0,0,0,0,0,0,0,0,0,0,0,0,0,0,0,0,0,0,0,0,0,0,0,0,0,0,0,0,0,0,10,21,20,19,7,9,11,13,4,9,5,8,11,4,5,2,4,4,6,6
map,sejong-4,Sejong (40km×40km),kimth9,kimth9,https://github.com/kimth9,kimth9/sb_korean_map_pack,sb_korean_map_pack,176,0,0,0,0,0,0,0,0,0,0,0,0,0,0,0,0,0,0,0,0,0,0,0,0,0,0,0,0,0,0,0,0,0,25,14,18,5,5,11,4,12,9,0,9,2,3,4,6,1,1,0,3,6,2,1,4,0,3,3,2,0,0,0,1,3,4,0,0,0,0,1,2,1,0,6,0,0,0,1,2,1,1
map,providence,Providence,soccerjonj,soccerjonj,https://github.com/soccerjonj,soccerjonj/providence,Providence,175,11,2,3,6,7,1,2,2,3,3,5,5,6,0,6,2,2,2,1,3,2,6,1,1,1,2,4,1,6,3,3,2,5,3,1,0,2,2,2,0,1,0,3,5,0,2,1,5,1,1,1,1,1,2,2,3,1,2,1,2,2,2,2,1,1,0,1,1,2,1,1,0,1,2,2,1,0,0,1,0,0,0
mod,chinese-trains,Chinese Trains,kaicardenas0618,kaicardenas0618,https://github.com/kaicardenas0618,kaicardenas0618/chinese-trains,chinese-trains,173,0,0,0,0,0,0,0,0,0,0,0,0,0,0,0,0,0,0,0,0,0,0,0,0,0,0,0,0,0,0,0,0,0,0,0,0,0,0,0,0,0,0,0,0,0,0,0,0,0,0,0,0,0,0,0,0,0,0,0,0,0,0,6,15,12,10,13,18,9,7,11,8,10,3,5,4,9,5,7,3,7,11
map,oslo-no,Oslo,rslurry,slurry,https://github.com/rslurry,rslurry/subwaybuilder-maps,subwaybuilder-maps,167,0,0,0,0,0,0,0,0,0,0,0,0,0,0,0,0,0,0,0,0,0,0,0,0,0,0,0,0,0,0,0,0,0,0,0,0,0,0,0,0,0,0,0,0,0,0,0,0,0,0,0,0,0,0,0,0,0,0,0,0,0,0,0,0,0,0,0,0,0,0,0,0,0,2,35,31,20,17,19,14,19,10
map,albany,Albany,soccerjonj,soccerjonj,https://github.com/soccerjonj,soccerjonj/albany,Albany,161,0,0,0,0,0,0,0,6,10,2,10,4,7,2,3,3,4,0,0,2,4,5,2,1,4,3,4,2,3,8,6,5,6,6,0,0,1,3,1,0,2,1,7,1,0,2,0,3,4,1,0,0,1,2,0,1,1,0,2,2,0,1,0,0,0,0,1,3,0,2,1,0,1,1,1,2,0,0,1,0,0,0
map,daegu-3,Daegu (30km×30km),kimth9,kimth9,https://github.com/kimth9,kimth9/sb_korean_map_pack,sb_korean_map_pack,160,0,0,0,0,0,0,0,0,0,0,0,0,0,0,0,0,0,0,0,0,0,0,0,0,0,0,0,0,0,0,0,0,0,16,11,10,15,5,9,4,8,10,6,4,3,5,4,5,1,1,1,2,5,2,0,7,0,2,1,2,1,0,0,2,3,4,0,0,0,0,1,0,0,0,1,1,1,0,3,2,1,1
map,yukina-matsuyama,松山 (Matsuyama),ahkimn,Yukina-,https://subwaybuildermodded.com/credits,ahkimn/subwaybuilder-jp-maps,subwaybuilder-jp-maps,160,20,4,3,5,9,1,0,0,5,0,0,2,20,1,4,1,1,1,3,5,3,6,1,0,2,7,0,4,2,2,0,1,3,4,0,0,0,1,1,7,4,1,2,1,0,0,0,1,3,3,0,1,0,1,0,0,1,0,0,0,0,1,2,0,0,0,3,1,0,1,0,1,0,0,0,1,3,0,0,0,0,0
map,spokane,Spokane,ryandicicco,ryandicicco,https://github.com/ryandicicco,ryandicicco/subway-builder-maps,Subway-Builder-Maps,159,0,0,0,0,0,0,0,0,0,0,0,0,0,0,0,0,0,7,12,11,2,8,3,2,2,1,2,7,6,2,4,7,8,5,5,4,1,0,3,4,5,2,2,1,2,1,2,3,0,1,1,0,0,4,2,1,0,2,0,1,0,2,1,0,0,2,1,2,1,3,0,0,0,0,0,1,2,0,3,4,0,1
map,yukina-hakodate,函館 (Hakodate),ahkimn,Yukina-,https://subwaybuildermodded.com/credits,ahkimn/subwaybuilder-jp-maps,subwaybuilder-jp-maps,158,0,0,0,0,5,7,2,2,2,1,2,1,2,3,1,4,3,2,6,9,2,5,3,1,1,1,13,4,6,0,3,3,3,4,1,2,2,13,1,3,5,2,0,1,2,1,0,2,4,4,0,0,0,1,1,0,0,1,0,0,1,2,1,0,0,0,0,0,1,0,0,3,1,0,0,1,0,0,0,1,0,0
map,jeju-3,Jeju (30km×30km),kimth9,kimth9,https://github.com/kimth9,kimth9/sb_korean_map_pack,sb_korean_map_pack,157,0,0,0,0,0,0,0,0,0,0,0,0,0,0,0,0,0,0,0,0,0,0,0,0,0,0,0,0,0,0,0,0,0,38,11,9,5,3,6,2,8,8,0,3,3,1,3,4,1,1,4,3,6,2,1,4,4,3,1,3,0,0,0,2,4,3,0,0,0,0,1,1,0,0,1,1,1,0,3,1,1,1
map,san-juan,San Juan,rslurry,slurry,https://github.com/rslurry,rslurry/subwaybuilder-maps,subwaybuilder-maps,156,0,0,0,0,0,0,0,0,0,0,7,4,4,4,1,2,3,1,5,5,2,3,4,2,2,4,2,5,13,6,8,4,4,4,6,5,0,0,1,3,0,2,1,0,0,1,3,2,1,1,2,1,1,4,1,3,0,0,0,1,0,3,0,0,0,0,1,2,0,0,0,1,1,0,0,3,2,2,1,0,1,1
map,ulsan-4,Ulsan (40km×40km),kimth9,kimth9,https://github.com/kimth9,kimth9/sb_korean_map_pack,sb_korean_map_pack,156,0,0,0,0,0,0,0,0,0,0,0,0,0,0,0,0,0,0,0,0,0,0,0,0,0,0,0,0,0,0,0,0,0,18,11,14,4,3,11,3,14,10,0,8,2,3,4,6,1,0,0,2,6,3,1,3,1,1,2,2,0,1,0,1,3,3,0,0,0,0,1,1,1,0,5,0,0,0,1,2,1,3
map,incheon-3,Incheon (30km×30km),kimth9,kimth9,https://github.com/kimth9,kimth9/sb_korean_map_pack,sb_korean_map_pack,153,0,0,0,0,0,0,0,0,0,0,0,0,0,0,0,0,0,0,0,0,0,0,0,0,0,0,0,0,0,0,0,0,0,10,9,13,5,4,5,2,7,7,0,4,3,1,3,7,1,3,0,5,6,3,2,6,4,1,2,2,1,0,0,3,4,3,0,0,1,1,1,0,1,1,1,3,3,4,7,1,1,2
map,nashville,Nashville,soccerjonj,soccerjonj,https://github.com/soccerjonj,soccerjonj/nashville,Nashville,153,8,1,0,0,0,0,5,5,2,0,5,2,6,0,3,4,2,2,2,3,2,4,3,1,0,1,3,0,6,4,6,3,6,1,3,4,4,1,2,1,1,2,2,0,0,0,0,4,0,3,3,0,1,3,1,0,0,1,1,2,3,1,2,1,0,1,1,1,0,3,0,1,1,2,0,0,1,0,1,2,1,2
map,sacramento,Sacramento,soccerjonj,soccerjonj,https://github.com/soccerjonj,soccerjonj/sacramento,Sacramento,150,10,3,1,7,1,0,2,4,2,0,4,3,5,1,3,4,3,0,1,4,1,2,6,1,0,3,5,0,4,3,4,4,3,0,0,5,3,0,0,0,2,1,2,0,0,0,1,3,1,0,1,0,1,3,2,1,0,0,1,4,1,3,2,1,1,1,5,1,2,2,0,0,0,0,2,0,0,1,0,1,1,1
map,yukina-kochi,高知 (Kōchi),ahkimn,Yukina-,https://subwaybuildermodded.com/credits,ahkimn/subwaybuilder-jp-maps,subwaybuilder-jp-maps,147,19,3,4,3,10,2,0,0,5,0,0,0,2,2,2,1,3,1,5,3,2,5,1,1,3,1,1,3,7,0,3,1,4,0,1,0,0,2,0,8,5,3,2,1,1,0,0,2,3,3,0,2,0,1,1,0,1,0,2,0,0,1,1,0,0,0,2,1,1,1,4,0,0,0,1,0,0,0,0,0,0,0
map,yukina-northern-kyushu,福北 (Fukuoka & Kitakyūshū),ahkimn,Yukina-,https://subwaybuildermodded.com/credits,ahkimn/subwaybuilder-jp-maps,subwaybuilder-jp-maps,147,0,0,0,0,0,0,0,0,0,0,0,0,0,0,0,0,0,0,0,0,0,0,0,0,0,0,0,0,0,0,0,0,0,0,0,0,3,6,6,5,4,5,12,11,5,7,5,4,7,1,4,1,4,3,4,2,3,3,2,2,1,4,3,1,2,1,1,3,1,0,3,6,0,2,1,2,0,4,1,2,0,0
map,waterloo,Region of Waterloo,Kronifer,Kronifer,https://github.com/Kronifer,kronifer/sb-waterloo-map,sb-waterloo-map,146,33,3,10,6,5,1,3,3,6,2,9,2,9,1,6,7,3,3,2,8,4,11,2,1,6,0,0,0,0,0,0,0,0,0,0,0,0,0,0,0,0,0,0,0,0,0,0,0,0,0,0,0,0,0,0,0,0,0,0,0,0,0,0,0,0,0,0,0,0,0,0,0,0,0,0,0,0,0,0,0,0,0
map,rhode-island,Rhode Island,rslurry,slurry,https://github.com/rslurry,rslurry/subwaybuilder-maps,subwaybuilder-maps,142,0,0,0,0,0,0,0,0,0,0,0,0,0,0,0,0,0,0,0,0,0,0,0,0,0,0,0,0,0,0,0,0,0,0,0,0,0,0,0,0,0,0,0,0,0,0,0,0,0,0,0,0,0,0,0,0,0,0,0,0,0,0,0,0,19,27,14,15,10,13,2,5,4,4,2,7,6,1,5,0,6,2
map,florence,Florence,Maximilian284,max02,https://github.com/Maximilian284,maximilian284/subwaybuilder-it-maps,subwaybuilder-it-maps,139,8,4,0,6,4,0,0,0,2,0,5,0,1,1,2,5,2,0,3,4,2,5,1,2,1,4,2,4,9,3,5,3,5,2,3,4,3,1,1,2,0,0,0,1,1,0,1,2,2,0,1,1,2,1,0,0,0,1,2,2,0,1,1,1,3,0,0,0,0,1,1,0,0,1,2,1,0,0,0,0,1,0
map,richmond,Richmond,rslurry,slurry,https://github.com/rslurry,rslurry/subwaybuilder-maps,subwaybuilder-maps,139,17,1,3,4,4,2,2,3,1,0,4,2,2,1,2,0,1,0,2,5,2,4,1,2,1,2,4,3,5,4,5,0,6,1,1,2,2,2,2,5,2,1,0,1,0,1,1,2,0,0,1,0,0,2,3,1,0,1,2,1,0,0,0,0,0,1,1,0,1,1,0,0,1,0,1,1,0,0,1,0,1,1
map,orange-county,Orange County,rslurry,slurry,https://github.com/rslurry,rslurry/subwaybuilder-maps,subwaybuilder-maps,138,15,6,4,7,8,1,0,2,1,0,1,2,1,0,1,1,1,0,0,5,1,6,1,3,1,3,0,4,4,1,2,2,6,2,1,3,2,1,6,1,1,2,0,1,0,1,2,2,0,1,0,0,0,2,2,0,0,2,0,2,1,0,1,0,0,1,2,1,0,2,0,0,0,1,0,2,0,1,0,1,1,0
map,tijuana-san-diego,Tijuana-San Diego,rslurry,slurry,https://github.com/rslurry,rslurry/subwaybuilder-maps,subwaybuilder-maps,138,0,0,0,0,0,0,0,0,0,0,0,0,0,0,0,0,0,0,0,0,0,0,0,0,0,0,0,0,0,0,0,0,0,0,0,0,0,0,0,0,0,0,0,0,0,0,0,0,0,0,0,0,0,0,0,0,0,0,11,16,15,12,6,8,8,6,4,7,10,7,4,4,1,5,2,1,1,3,1,0,2,4
map,yukina-pl-wroclaw,Wrocław,ahkimn,Yukina-,https://subwaybuildermodded.com/credits,ahkimn/subwaybuilder-eu-maps,subwaybuilder-eu-maps,137,0,0,0,0,0,0,0,0,0,0,0,0,0,0,0,0,0,0,0,0,0,0,0,0,0,0,0,0,0,0,0,0,0,0,0,0,0,0,0,0,0,0,0,0,0,0,0,0,0,0,0,0,0,0,0,0,5,7,11,3,11,5,5,9,14,9,4,9,1,4,7,8,8,6,3,4,1,1,0,0,2,0
map,oklahoma-city,Oklahoma City,ryandicicco,ryandicicco,https://github.com/ryandicicco,ryandicicco/subway-builder-maps,Subway-Builder-Maps,136,0,0,0,0,0,0,0,0,0,0,0,0,0,0,0,0,0,0,0,0,0,8,8,2,5,2,3,4,2,3,0,13,13,8,4,7,1,3,1,2,1,3,1,0,0,2,1,3,0,0,1,0,0,4,3,1,0,2,1,1,0,0,1,0,0,3,1,2,1,2,3,1,1,1,1,1,0,0,1,0,2,2
map,puebla,Puebla,rslurry,slurry,https://github.com/rslurry,rslurry/subwaybuilder-maps,subwaybuilder-maps,136,0,0,0,0,0,0,0,0,0,0,0,0,0,0,0,0,0,0,0,0,0,0,0,0,0,0,0,0,0,0,0,16,8,1,3,2,0,2,1,3,4,9,13,10,1,2,3,2,1,1,2,1,2,10,9,6,2,4,0,0,1,1,2,1,0,2,1,1,0,2,0,0,1,1,0,1,0,1,0,0,1,2
map,anchorage-ak,Anchorage,PSWBSF,Potato Spaghetti Water Balloon Space Federation,https://youtu.be/dQw4w9WgXcQ?t=0,pswbsf/anchorage-ak,anchorage-ak,135,0,0,0,0,0,0,0,0,0,0,0,0,0,0,0,0,0,0,0,0,0,0,0,0,7,14,8,5,22,26,37,0,0,0,0,0,0,0,0,0,0,0,0,0,0,0,0,0,0,0,0,0,0,0,0,0,0,0,0,0,0,0,0,0,0,0,0,0,0,0,2,1,1,2,1,1,1,0,2,2,3,0
map,genoa,Genoa,Maximilian284,max02,https://github.com/Maximilian284,maximilian284/subwaybuilder-it-maps,subwaybuilder-it-maps,135,0,0,0,0,0,0,0,24,2,0,0,0,0,0,2,2,1,1,2,4,2,6,1,2,1,2,1,3,6,2,3,1,3,6,5,3,1,1,2,2,1,1,1,0,1,1,2,2,2,1,4,3,3,1,1,2,0,0,2,3,2,1,0,1,2,0,0,1,0,0,1,0,0,2,1,1,0,1,0,0,0,0
map,jacksonville,Jacksonville,rslurry,slurry,https://github.com/rslurry,rslurry/subwaybuilder-maps,subwaybuilder-maps,135,18,3,0,5,3,1,1,2,3,0,2,0,2,1,1,0,3,0,0,3,1,2,4,2,1,1,1,4,2,4,5,5,2,2,3,1,0,1,0,3,1,1,0,0,1,2,0,1,1,1,1,1,1,3,1,3,1,1,1,0,0,1,2,0,0,3,1,1,0,1,1,2,2,2,1,2,0,0,0,2,1,0
map,turin,Turin,Maximilian284,max02,https://github.com/Maximilian284,maximilian284/subwaybuilder-it-maps,subwaybuilder-it-maps,133,6,3,1,2,2,1,0,1,2,0,2,0,1,1,1,5,3,2,1,6,4,5,0,2,2,1,2,2,5,5,3,2,5,4,2,3,1,0,0,2,0,1,0,1,1,1,3,4,1,1,1,3,3,1,4,0,0,0,2,0,4,0,0,2,1,0,1,1,1,1,1,1,0,1,1,0,0,0,0,1,0,0
map,colorado-ski-country,Colorado Ski Country,soccerjonj,soccerjonj,https://github.com/soccerjonj,soccerjonj/colorado-ski-country,Colorado-Ski-Country,132,19,2,2,7,1,0,3,5,2,0,7,3,6,0,4,2,3,0,3,2,2,6,0,2,0,4,1,0,3,1,6,0,2,6,0,0,0,1,0,1,1,0,2,1,0,2,1,3,0,0,1,0,0,0,1,0,0,0,1,1,1,0,1,0,0,2,2,2,1,0,0,0,0,0,2,1,0,0,0,0,0,0
map,jeju-f,Jeju (Full Island),kimth9,kimth9,https://github.com/kimth9,kimth9/sb_korean_map_pack,sb_korean_map_pack,132,0,0,0,0,0,0,0,0,0,0,0,0,0,0,0,0,0,0,0,0,0,0,0,0,0,0,0,0,0,0,0,0,0,19,13,16,5,2,4,3,2,1,1,1,7,7,2,5,0,5,2,2,3,4,1,2,0,3,2,2,1,1,3,0,0,3,0,0,0,1,2,1,0,0,1,1,0,0,0,2,1,1
map,yukina-kagoshima-kirishima,鹿児島 (Kagoshima),ahkimn,Yukina-,https://subwaybuildermodded.com/credits,ahkimn/subwaybuilder-jp-maps,subwaybuilder-jp-maps,130,21,5,3,3,9,4,1,3,1,0,1,0,2,1,1,2,2,1,3,5,4,5,3,1,3,3,2,5,3,0,3,2,4,0,1,3,0,0,0,0,1,0,1,0,0,0,1,0,5,2,0,2,0,0,0,0,1,1,0,0,0,0,1,0,0,0,1,0,0,0,3,0,0,0,0,1,0,0,0,0,0,0
map,yukina-cz-ostrava,Ostrava,ahkimn,Yukina-,https://subwaybuildermodded.com/credits,ahkimn/subwaybuilder-eu-maps,subwaybuilder-eu-maps,129,0,0,0,0,0,0,0,0,0,0,0,0,0,0,0,0,0,0,0,0,0,0,0,0,0,0,0,0,0,0,0,0,0,0,0,0,0,0,0,0,0,0,0,0,0,0,13,13,3,4,3,5,4,12,12,5,3,3,2,1,0,1,1,0,0,3,1,2,2,13,6,3,3,2,2,4,0,0,1,1,1,0
map,yukina-niigata,新潟 (Niigata),ahkimn,Yukina-,https://subwaybuildermodded.com/credits,ahkimn/subwaybuilder-jp-maps,subwaybuilder-jp-maps,126,29,5,3,3,9,1,0,0,0,0,0,0,0,0,0,2,3,2,2,4,3,5,2,1,4,1,4,2,5,1,3,2,3,4,1,0,1,0,0,1,1,0,0,0,2,0,1,0,3,2,0,1,0,0,1,0,1,1,0,0,0,2,1,0,0,0,0,0,1,0,2,0,1,0,0,0,0,0,0,0,0,0
map,sejong-3,Sejong (30km×30km),kimth9,kimth9,https://github.com/kimth9,kimth9/sb_korean_map_pack,sb_korean_map_pack,123,0,0,0,0,0,0,0,0,0,0,0,0,0,0,0,0,0,0,0,0,0,0,0,0,0,0,0,0,0,0,0,0,0,14,9,8,4,3,7,2,8,9,0,4,2,1,4,4,1,0,0,2,5,3,3,5,1,2,1,3,0,0,0,1,3,4,0,0,0,0,1,0,0,0,1,1,1,0,3,1,1,1
map,ciudad-juarez-el-paso,Ciudad Juárez-El Paso,rslurry,slurry,https://github.com/rslurry,rslurry/subwaybuilder-maps,subwaybuilder-maps,121,0,0,0,0,0,0,0,0,0,0,0,0,0,0,0,0,0,0,0,0,0,0,0,0,0,0,0,0,0,0,0,0,0,0,0,0,0,0,0,0,0,0,0,0,0,0,0,21,9,8,8,3,4,3,2,1,0,1,1,11,11,9,3,1,4,4,0,3,0,2,2,1,0,0,1,2,0,1,1,1,1,2
mod,tathan-casino,TATHAN Casino,TathanDev,TathanDev,https://github.com/TathanDev,tathandev/tathancasino,TathanCasino,118,0,0,0,0,0,0,0,0,0,0,0,0,0,0,0,0,0,0,0,0,0,0,0,0,0,0,0,0,0,0,0,0,0,0,7,7,6,6,5,5,2,3,1,4,0,5,5,1,3,4,4,2,3,3,5,1,0,3,1,1,1,0,0,2,3,0,2,1,2,0,3,3,1,1,2,1,2,0,3,2,1,1
map,rochester,Rochester,rslurry,slurry,https://github.com/rslurry,rslurry/subwaybuilder-maps,subwaybuilder-maps,117,13,3,1,6,3,1,1,3,2,0,3,3,1,0,2,0,4,0,2,2,1,2,2,2,1,1,0,7,1,1,3,1,4,2,3,1,1,0,1,1,0,1,2,1,0,3,0,2,1,0,0,0,1,0,0,2,2,0,1,0,0,1,1,0,2,1,1,3,2,1,0,0,0,1,0,1,0,0,1,0,0,1
map,yukina-yamagata,山形 (Yamagata),ahkimn,Yukina-,https://subwaybuildermodded.com/credits,ahkimn/subwaybuilder-jp-maps,subwaybuilder-jp-maps,117,21,6,4,3,11,1,0,0,2,0,0,0,1,0,2,1,2,1,5,4,2,4,1,1,4,2,2,3,3,3,2,1,4,0,0,0,0,0,2,0,1,0,0,0,1,0,0,0,2,2,1,2,0,0,1,0,1,0,0,0,0,0,1,0,0,0,0,0,0,0,4,1,0,0,0,1,0,1,0,0,0,0
map,pyongyang-nk,Pyongyang,PSWBSF,Potato Spaghetti Water Balloon Space Federation,https://youtu.be/dQw4w9WgXcQ?t=0,pswbsf/pyongyang-nk,pyongyang-nk,116,0,0,0,0,0,0,0,0,0,0,0,0,0,0,0,0,0,0,0,0,0,0,0,0,0,5,8,8,15,11,30,0,0,0,0,0,0,0,0,0,0,0,0,0,0,0,0,0,0,0,0,1,1,1,1,3,2,1,0,2,2,1,0,0,0,0,3,1,1,1,4,0,0,0,3,1,1,3,1,2,0,3
map,louisville,Louisville,soccerjonj,soccerjonj,https://github.com/soccerjonj,soccerjonj/louisville,Louisville,115,16,1,2,5,1,0,2,3,2,3,4,2,6,1,3,2,2,1,2,1,2,3,2,1,1,2,2,0,1,2,5,1,3,0,3,0,0,1,0,2,2,0,2,0,0,0,1,4,0,0,2,0,0,3,2,1,0,0,1,1,0,0,0,0,0,1,1,1,1,1,0,0,1,0,0,0,0,0,0,0,0,0
map,yukina-nagasaki,長崎 (Nagasaki),ahkimn,Yukina-,https://subwaybuildermodded.com/credits,ahkimn/subwaybuilder-jp-maps,subwaybuilder-jp-maps,115,0,0,0,0,5,8,1,1,2,0,3,1,1,3,1,3,0,1,6,5,2,6,3,1,3,2,9,4,2,1,4,2,2,3,1,0,0,0,2,0,2,0,2,0,0,1,1,0,2,3,0,0,2,2,1,0,0,1,0,1,0,0,1,0,0,0,0,0,1,1,3,0,0,1,0,1,0,0,0,1,0,0
map,mfn-hamptonroads,Norfolk,crumpetime,muffintime,https://github.com/crumpetime,crumpetime/sb-maps-orf,sb-maps-orf,113,0,0,2,11,9,4,4,6,3,2,9,6,7,3,4,4,5,0,0,6,5,3,3,4,5,2,3,3,0,0,0,0,0,0,0,0,0,0,0,0,0,0,0,0,0,0,0,0,0,0,0,0,0,0,0,0,0,0,0,0,0,0,0,0,0,0,0,0,0,0,0,0,0,0,0,0,0,0,0,0,0,0
map,pianura-veneta,Pianura Veneta,Maximilian284,max02,https://github.com/Maximilian284,maximilian284/subwaybuilder-it-maps,subwaybuilder-it-maps,112,0,0,0,0,0,0,0,0,0,0,0,0,0,2,4,5,4,3,3,5,2,9,2,1,1,3,3,1,7,1,4,4,4,2,0,3,0,0,2,2,1,1,1,0,0,1,1,2,0,1,3,0,1,1,2,1,0,0,2,0,1,0,0,2,2,1,0,2,0,1,0,1,0,2,1,1,0,1,1,1,0,0
map,buffalo-ny,Buffalo,PSWBSF,Potato Spaghetti Water Balloon Space Federation,https://youtu.be/dQw4w9WgXcQ?t=0,pswbsf/buffalo-ny,buffalo-ny,110,0,0,0,0,0,0,0,0,0,0,0,0,0,0,0,0,0,0,0,0,0,0,0,0,0,0,0,0,0,0,0,0,0,0,5,2,3,4,10,5,2,3,6,5,1,2,5,2,4,2,2,3,4,5,4,5,0,2,0,1,1,1,1,1,1,3,0,1,0,1,4,2,0,0,0,0,2,2,1,0,0,2
map,bari,Bari,Maximilian284,max02,https://github.com/Maximilian284,maximilian284/subwaybuilder-it-maps,subwaybuilder-it-maps,108,0,0,0,0,0,0,0,37,2,0,0,0,0,0,0,1,1,1,3,4,3,7,1,2,1,1,1,1,3,2,3,0,3,1,2,2,0,1,0,1,0,0,1,1,0,1,2,1,0,1,0,1,2,1,0,0,0,0,2,0,0,1,0,1,2,0,0,0,3,1,0,0,1,0,0,2,0,0,0,0,0,0
map,bologna,Bologna,Maximilian284,max02,https://github.com/Maximilian284,maximilian284/subwaybuilder-it-maps,subwaybuilder-it-maps,108,11,3,1,5,4,0,0,0,0,0,1,0,0,0,1,4,3,0,1,7,2,9,0,2,1,2,3,4,4,3,2,3,4,1,5,3,0,0,0,1,0,1,0,1,0,1,1,1,0,1,1,0,1,0,0,1,0,0,1,0,0,0,1,0,0,0,0,1,0,3,0,0,0,0,0,1,1,0,0,0,0,1
map,santa-barbara,Santa Barbara,rslurry,slurry,https://github.com/rslurry,rslurry/subwaybuilder-maps,subwaybuilder-maps,108,0,0,5,6,4,0,0,0,1,1,2,0,2,0,1,2,1,0,2,5,3,2,2,3,3,2,2,0,3,0,4,4,8,0,1,2,1,1,0,2,1,1,2,2,0,1,1,5,1,1,1,0,1,0,2,0,0,0,1,0,0,1,1,1,0,0,0,2,0,3,0,0,0,0,1,1,0,0,0,2,1,0
map,greater-baltimore,Greater Baltimore,rslurry,slurry,https://github.com/rslurry,rslurry/subwaybuilder-maps,subwaybuilder-maps,107,9,2,0,7,4,0,4,0,2,2,2,1,3,0,2,0,1,1,2,3,0,5,2,1,1,2,1,0,5,5,1,0,5,2,0,0,2,0,0,3,2,0,2,1,0,0,1,2,0,0,1,0,1,3,0,1,1,0,0,2,1,1,0,1,0,1,1,1,0,1,0,0,0,0,0,1,0,0,0,0,1,1
map,mfn-northwestar,Northwest Arkansas,crumpetime,muffintime,https://github.com/crumpetime,crumpetime/sb-maps-xna,sb-maps-xna,105,3,4,4,9,3,4,2,2,2,0,2,4,4,1,4,2,2,0,0,3,0,5,3,2,1,1,2,1,2,1,2,1,2,1,1,1,0,0,1,1,2,1,0,1,0,1,0,1,0,0,0,1,0,1,0,0,1,1,1,2,0,2,0,0,0,1,2,0,0,1,1,0,1,0,0,0,0,0,0,1,0,0
map,daegu-4,Daegu (40km×40km),kimth9,kimth9,https://github.com/kimth9,kimth9/sb_korean_map_pack,sb_korean_map_pack,100,0,0,0,0,0,0,0,0,0,0,0,0,0,0,0,0,0,0,0,0,0,0,0,0,0,0,0,0,0,0,0,0,0,19,13,12,0,2,5,3,4,4,5,5,1,5,1,3,0,0,0,0,1,0,0,0,1,3,0,2,0,0,0,0,1,3,0,0,0,0,0,3,1,0,3,0,0,0,0,0,0,0
map,memphis,Memphis,rslurry,slurry,https://github.com/rslurry,rslurry/subwaybuilder-maps,subwaybuilder-maps,100,8,2,0,6,5,0,0,1,1,0,0,1,1,0,0,0,1,0,2,4,1,2,3,3,2,1,1,4,4,1,4,1,8,1,4,0,0,1,1,1,0,2,1,1,0,0,2,2,0,2,0,0,0,1,1,2,0,1,1,0,0,0,1,0,1,0,2,1,0,1,0,0,1,0,1,0,0,0,0,0,0,1
map,san-antonio,San Antonio,rslurry,slurry,https://github.com/rslurry,rslurry/subwaybuilder-maps,subwaybuilder-maps,100,0,0,0,0,0,0,0,0,0,0,0,0,0,0,0,2,0,0,0,2,1,3,3,4,4,2,2,2,6,1,4,3,8,1,0,1,2,2,2,1,1,2,1,2,0,1,0,3,2,1,1,0,0,5,2,2,1,2,0,0,0,0,2,0,0,2,2,0,0,2,0,0,1,0,1,0,2,1,0,4,0,1
map,yukina-pl-lodz,Łódź,ahkimn,Yukina-,https://subwaybuildermodded.com/credits,ahkimn/subwaybuilder-eu-maps,subwaybuilder-eu-maps,100,0,0,0,0,0,0,0,0,0,0,0,0,0,0,0,0,0,0,0,0,0,0,0,0,0,0,0,0,0,0,0,0,0,0,0,0,0,0,0,0,0,0,0,0,0,0,0,0,0,0,0,0,0,0,0,0,6,4,8,3,2,8,1,6,8,9,3,4,0,2,11,4,7,4,3,2,3,0,0,0,2,0
map,yukina-cz-plzen,Plzeň,ahkimn,Yukina-,https://subwaybuildermodded.com/credits,ahkimn/subwaybuilder-eu-maps,subwaybuilder-eu-maps,97,0,0,0,0,0,0,0,0,0,0,0,0,0,0,0,0,0,0,0,0,0,0,0,0,0,0,0,0,0,0,0,0,0,0,0,0,0,0,0,0,0,0,0,0,0,0,11,11,2,2,2,3,3,5,7,5,3,2,0,3,1,0,2,3,0,3,0,1,2,9,4,3,3,1,1,3,0,0,0,1,1,0
map,cdmx-core,CDMX Core,rslurry,slurry,https://github.com/rslurry,rslurry/subwaybuilder-maps,subwaybuilder-maps,95,0,0,0,0,0,0,0,0,0,0,0,0,0,0,0,0,0,0,0,0,0,0,0,0,0,0,0,0,0,0,0,0,0,0,0,0,0,0,0,0,0,0,0,0,0,0,0,0,0,0,0,0,0,0,0,0,0,0,0,13,13,14,7,5,5,7,3,3,1,4,2,1,0,1,2,1,0,6,0,2,1,4
map,garda-lake,Garda Lake,Maximilian284,max02,https://github.com/Maximilian284,maximilian284/subwaybuilder-it-maps,subwaybuilder-it-maps,95,0,0,0,0,0,0,0,8,5,0,1,0,0,0,2,3,1,0,2,4,2,5,1,1,2,2,3,0,5,1,3,2,3,0,4,2,3,0,3,2,0,0,2,0,0,0,2,2,1,1,0,0,1,0,1,0,0,0,0,0,3,0,0,2,0,0,0,1,2,1,1,0,0,1,1,1,1,0,0,0,0,1
map,greater-portland,Greater Portland,rslurry,slurry,https://github.com/rslurry,rslurry/subwaybuilder-maps,subwaybuilder-maps,91,0,0,0,0,0,0,0,0,0,0,0,0,0,0,0,0,0,0,0,0,0,0,0,0,0,0,0,0,0,0,0,0,0,0,0,0,0,0,0,0,0,0,0,0,0,0,0,0,0,0,0,0,0,0,0,0,0,0,0,0,0,0,0,0,0,0,14,13,11,14,9,1,4,3,3,5,6,0,3,1,3,1
map,yukina-bydgoszcz-torun,Bydgoszcz - Toruń,ahkimn,Yukina-,https://subwaybuildermodded.com/credits,ahkimn/subwaybuilder-eu-maps,subwaybuilder-eu-maps,91,0,0,0,0,0,0,0,0,0,0,0,0,0,0,0,0,0,0,0,0,0,0,0,0,0,0,0,0,0,0,0,0,0,0,0,0,0,0,0,0,0,0,0,0,0,0,0,0,0,0,0,0,0,0,0,0,4,4,8,3,3,5,3,6,7,5,7,2,1,6,7,5,4,4,4,2,0,0,0,0,1,0
map,yukina-pl-katowice-gzm,Katowice - GZM,ahkimn,Yukina-,https://subwaybuildermodded.com/credits,ahkimn/subwaybuilder-eu-maps,subwaybuilder-eu-maps,91,0,0,0,0,0,0,0,0,0,0,0,0,0,0,0,0,0,0,0,0,0,0,0,0,0,0,0,0,0,0,0,0,0,0,0,0,0,0,0,0,0,0,0,0,0,0,0,0,0,0,0,0,0,0,0,0,0,0,0,0,0,0,0,7,8,12,2,3,4,6,14,5,6,7,3,5,3,0,0,2,2,2
map,piedmont-triad,Piedmont Triad,PSWBSF,Potato Spaghetti Water Balloon Space Federation,https://youtu.be/dQw4w9WgXcQ?t=0,pswbsf/piedmont-triad,piedmont-triad,90,0,0,0,0,0,0,0,0,0,0,0,0,0,0,0,0,0,9,5,11,1,9,7,1,0,0,2,0,10,11,24,0,0,0,0,0,0,0,0,0,0,0,0,0,0,0,0,0,0,0,0,0,0,0,0,0,0,0,0,0,0,0,0,0,0,0,0,0,0,0,0,0,0,0,0,0,0,0,0,0,0,0
map,willamette-valley,"Willamette Valley, OR",Phineapoo,Phineapoo,https://github.com/Phineapoo,phineapoo/willamette-valley-or,Willamette-Valley-OR,90,0,0,0,0,0,0,0,0,0,0,0,0,0,0,0,0,0,0,0,0,0,0,0,0,0,0,0,0,0,0,0,0,0,3,11,5,4,5,5,0,0,1,2,1,3,0,9,2,0,1,2,0,4,3,3,2,0,2,0,0,0,1,3,2,2,1,2,0,0,2,1,1,1,0,1,0,0,0,0,2,0,3
map,yukina-nakaumi,中海 (Nakaumi),ahkimn,Yukina-,https://subwaybuildermodded.com/credits,ahkimn/subwaybuilder-jp-maps,subwaybuilder-jp-maps,87,0,0,0,0,5,5,2,2,2,0,2,0,1,1,1,1,0,1,3,2,2,9,2,1,1,3,0,2,2,0,1,2,2,0,1,0,2,8,0,1,2,1,0,0,2,0,0,0,3,2,0,0,0,0,2,1,0,0,0,0,0,0,1,0,0,1,0,0,0,1,0,0,0,0,2,0,1,0,1,0,0,0
map,catania,Catania,Maximilian284,max02,https://github.com/Maximilian284,maximilian284/subwaybuilder-it-maps,subwaybuilder-it-maps,86,0,0,0,0,0,0,0,24,3,0,0,0,0,0,0,1,0,0,1,4,2,8,1,2,1,3,1,0,2,1,2,0,2,3,2,2,0,0,1,1,0,1,1,0,0,0,1,1,0,1,1,0,1,3,1,1,0,0,1,0,0,0,0,1,1,0,0,0,0,1,0,0,0,1,0,1,1,0,0,0,0,0
map,saltillo,Saltillo,rslurry,slurry,https://github.com/rslurry,rslurry/subwaybuilder-maps,subwaybuilder-maps,84,0,0,0,0,0,0,0,0,0,0,0,0,0,0,0,0,0,0,0,0,0,0,0,0,0,0,0,0,0,0,0,0,0,0,0,0,4,0,0,0,3,23,8,5,3,0,3,2,0,2,0,0,1,10,4,5,1,1,0,0,0,1,0,0,0,2,0,1,1,2,0,0,0,1,0,1,0,0,0,0,0,0
map,palermo,Palermo,Maximilian284,max02,https://github.com/Maximilian284,maximilian284/subwaybuilder-it-maps,subwaybuilder-it-maps,80,5,2,1,4,3,0,0,0,2,0,0,0,0,0,0,1,3,1,0,4,3,4,0,2,2,1,3,1,5,2,2,0,3,1,1,1,1,0,0,2,0,1,0,1,0,1,2,0,3,0,0,0,2,3,0,0,0,0,2,0,0,0,0,0,1,0,0,0,0,1,0,0,0,1,0,1,0,0,0,1,0,0
map,wilmington-nc,"Wilmington, NC",PSWBSF,Potato Spaghetti Water Balloon Space Federation,https://youtu.be/dQw4w9WgXcQ?t=0,pswbsf/wilmington-nc,wilmington-nc,80,0,0,0,0,0,0,0,0,0,0,0,0,0,0,0,0,0,0,0,2,8,8,6,5,1,0,3,1,11,9,13,0,0,0,0,0,0,0,0,0,0,0,0,0,0,0,0,0,0,0,0,0,0,0,0,1,0,2,0,0,2,0,0,0,0,0,2,0,0,1,2,0,0,0,0,0,1,1,1,0,0,0
map,charleston-sc,"Charleston, SC",PSWBSF,Potato Spaghetti Water Balloon Space Federation,https://youtu.be/dQw4w9WgXcQ?t=0,pswbsf/charleston-sc,charleston-sc,78,0,0,0,0,0,0,0,0,0,0,0,0,0,0,0,0,0,0,0,0,0,0,0,0,0,0,0,0,0,10,27,0,0,15,0,0,0,0,0,0,0,0,0,0,0,0,0,0,0,0,0,0,0,0,0,2,0,1,0,1,0,4,0,0,2,2,0,0,1,2,1,1,4,1,0,1,0,1,1,0,1,0
map,yukina-cz-ustecko-chomutov,Ústí nad Labem - Chomutov,ahkimn,Yukina-,https://subwaybuildermodded.com/credits,ahkimn/subwaybuilder-eu-maps,subwaybuilder-eu-maps,78,0,0,0,0,0,0,0,0,0,0,0,0,0,0,0,0,0,0,0,0,0,0,0,0,0,0,0,0,0,0,0,0,0,0,0,0,0,0,0,0,0,0,0,0,0,0,0,6,4,4,2,2,3,6,7,5,0,1,2,1,1,0,2,0,0,4,0,1,2,12,5,1,3,1,1,1,0,0,0,1,0,0
map,yukina-toyama,富山 (Toyama),ahkimn,Yukina-,https://subwaybuildermodded.com/credits,ahkimn/subwaybuilder-jp-maps,subwaybuilder-jp-maps,73,0,0,0,0,5,5,2,3,2,1,2,0,1,1,2,1,1,1,3,4,1,4,2,0,1,1,0,3,3,0,0,1,3,0,0,0,0,0,0,0,1,2,0,0,1,0,0,0,2,3,1,0,1,0,1,0,0,0,0,0,0,1,1,1,0,0,1,1,0,1,1,0,0,0,0,1,0,0,0,0,0,0
map,beijing,Beijing,Kronifer,Kronifer,https://github.com/Kronifer,kronifer/sb-chinese-maps,sb-chinese-maps,72,0,0,0,0,0,0,0,0,0,0,0,0,0,0,0,0,0,0,0,0,0,0,0,0,0,0,0,0,0,0,0,0,0,0,0,0,0,0,0,0,0,0,0,0,0,0,0,0,0,0,0,0,0,0,0,0,0,0,0,0,0,0,0,0,0,0,0,0,0,0,0,0,0,0,0,0,0,0,0,9,31,32
map,connecticut-usa,Connecticut,PSWBSF,Potato Spaghetti Water Balloon Space Federation,https://youtu.be/dQw4w9WgXcQ?t=0,pswbsf/connecticut-usa,connecticut-usa,72,0,0,0,0,0,0,0,0,0,0,0,0,0,0,0,0,0,0,0,0,0,0,0,0,0,0,0,0,0,0,0,0,0,0,0,0,0,0,0,0,0,0,0,0,0,0,0,0,0,0,0,0,0,0,0,0,0,0,0,0,0,0,0,0,0,0,0,0,0,0,0,2,10,12,5,7,11,7,5,5,3,5
map,yukina-cz-olomouc,Olomouc,ahkimn,Yukina-,https://subwaybuildermodded.com/credits,ahkimn/subwaybuilder-eu-maps,subwaybuilder-eu-maps,72,0,0,0,0,0,0,0,0,0,0,0,0,0,0,0,0,0,0,0,0,0,0,0,0,0,0,0,0,0,0,0,0,0,0,0,0,0,0,0,0,0,0,0,0,0,0,0,6,4,0,1,2,5,6,5,5,1,1,0,3,0,0,3,0,0,3,0,2,3,9,5,1,2,2,1,1,0,0,0,1,0,0
map,yukina-tw-taichung,臺中 (Taichung),ahkimn,Yukina-,https://subwaybuildermodded.com/credits,ahkimn/subwaybuilder-tw-maps,subwaybuilder-tw-maps,68,0,0,0,0,0,0,0,0,0,0,0,0,0,0,0,0,0,0,0,0,0,0,0,0,0,0,0,0,0,0,0,0,0,0,0,0,0,0,0,0,0,0,0,0,0,0,0,0,0,0,0,0,0,0,0,0,0,0,0,0,0,0,0,0,0,0,0,0,0,0,0,0,0,0,9,10,13,6,13,2,3,12
map,daejeon-4,Daejeon (40km×40km),kimth9,kimth9,https://github.com/kimth9,kimth9/sb_korean_map_pack,sb_korean_map_pack,66,0,0,0,0,0,0,0,0,0,0,0,0,0,0,0,0,0,0,0,0,0,0,0,0,0,0,0,0,0,0,0,0,0,15,6,9,0,0,5,2,4,1,0,5,2,3,0,2,0,0,0,0,0,0,0,0,0,0,0,0,0,2,0,0,0,2,0,0,1,0,0,3,1,0,3,0,0,0,0,0,0,0
map,mfn-rdu,Raleigh,crumpetime,muffintime,https://github.com/crumpetime,crumpetime/sb-maps-rdu,sb-maps-rdu,65,0,0,0,0,0,0,0,0,0,0,0,0,0,0,0,0,0,0,0,0,0,0,0,0,0,0,0,0,0,0,0,0,0,0,0,0,0,2,4,6,1,1,2,0,2,1,0,2,3,3,1,1,2,1,1,5,2,2,1,0,1,2,0,2,1,3,2,1,1,0,1,0,0,1,0,0,1,1,2,0,2,1
map,yukina-shizuoka-hamamatsu,静岡・浜松 (Shizuoka/Hamamatsu),ahkimn,Yukina-,https://subwaybuildermodded.com/credits,ahkimn/subwaybuilder-jp-maps,subwaybuilder-jp-maps,65,0,0,0,0,0,0,0,0,0,0,0,0,0,0,0,0,0,0,0,0,0,0,0,0,0,8,8,5,1,3,1,2,3,3,3,0,0,2,0,1,0,0,0,0,2,0,0,1,4,1,0,0,2,1,2,0,1,0,0,0,0,1,2,0,0,0,0,0,0,2,3,2,0,0,0,1,0,0,0,0,0,0
map,gwangju-4,Gwangju (40km×40km),kimth9,kimth9,https://github.com/kimth9,kimth9/sb_korean_map_pack,sb_korean_map_pack,64,0,0,0,0,0,0,0,0,0,0,0,0,0,0,0,0,0,0,0,0,0,0,0,0,0,0,0,0,0,0,0,0,0,16,6,6,0,0,4,1,5,2,0,5,1,3,0,2,0,0,0,0,2,0,0,0,0,0,1,0,0,2,0,0,0,2,0,0,0,1,0,1,1,0,3,0,0,0,0,0,0,0
map,yukina-asahikawa,旭川 (Asahikawa),ahkimn,Yukina-,https://subwaybuildermodded.com/credits,ahkimn/subwaybuilder-jp-maps,subwaybuilder-jp-maps,64,0,0,0,0,0,0,0,0,0,0,0,0,0,0,0,0,0,0,0,0,0,0,0,0,0,5,5,8,0,2,3,2,1,1,1,0,1,9,0,0,2,1,0,0,4,0,0,1,3,0,0,0,0,2,1,1,0,0,0,0,0,1,1,0,0,2,0,1,1,0,2,2,0,0,0,1,0,0,0,0,0,0
map,yukina-pl-poznan,Poznań,ahkimn,Yukina-,https://subwaybuildermodded.com/credits,ahkimn/subwaybuilder-eu-maps,subwaybuilder-eu-maps,63,0,0,0,0,0,0,0,0,0,0,0,0,0,0,0,0,0,0,0,0,0,0,0,0,0,0,0,0,0,0,0,0,0,0,0,0,0,0,0,0,0,0,0,0,0,0,0,0,0,0,0,0,0,0,0,0,0,0,0,0,0,0,0,7,4,9,2,2,2,4,11,5,3,7,2,2,1,0,0,0,2,0
map,dayton-oh,Dayton,PSWBSF,Potato Spaghetti Water Balloon Space Federation,https://youtu.be/dQw4w9WgXcQ?t=0,pswbsf/dayton-oh,dayton-oh,62,0,0,0,0,0,0,0,0,0,0,0,0,0,0,0,0,0,0,0,0,4,8,4,3,3,3,4,3,1,0,1,0,1,1,0,0,0,2,0,0,0,0,1,0,0,0,0,1,0,0,0,0,0,0,0,2,0,0,0,0,0,0,0,0,0,0,0,1,0,1,1,9,0,4,0,1,1,0,0,1,0,1
map,yukina-tw-kaohsiung,高雄 (Kaohsiung),ahkimn,Yukina-,https://subwaybuildermodded.com/credits,ahkimn/subwaybuilder-tw-maps,subwaybuilder-tw-maps,62,0,0,0,0,0,0,0,0,0,0,0,0,0,0,0,0,0,0,0,0,0,0,0,0,0,0,0,0,0,0,0,0,0,0,0,0,0,0,0,0,0,0,0,0,0,0,0,0,0,0,0,0,0,0,0,0,0,0,0,0,0,0,0,0,0,0,0,0,0,0,0,0,0,0,9,10,12,6,15,3,2,5
map,yukina-cz-hradec-pardubice,Hradec Králové - Pardubice,ahkimn,Yukina-,https://subwaybuildermodded.com/credits,ahkimn/subwaybuilder-eu-maps,subwaybuilder-eu-maps,61,0,0,0,0,0,0,0,0,0,0,0,0,0,0,0,0,0,0,0,0,0,0,0,0,0,0,0,0,0,0,0,0,0,0,0,0,0,0,0,0,0,0,0,0,0,0,0,5,3,0,3,1,3,6,4,4,1,1,0,1,0,1,2,0,0,3,0,2,3,10,2,0,2,1,1,1,0,0,0,1,0,0
map,yukina-takamatsu,高松 (Takamatsu),ahkimn,Yukina-,https://subwaybuildermodded.com/credits,ahkimn/subwaybuilder-jp-maps,subwaybuilder-jp-maps,61,0,0,0,0,5,2,0,0,2,0,0,0,0,0,4,2,0,1,2,2,1,3,1,0,3,2,3,4,2,0,0,1,2,4,0,0,0,1,0,0,1,1,0,0,0,0,0,0,3,2,0,0,0,1,0,0,0,0,0,0,0,0,1,0,0,0,0,1,0,1,2,0,0,0,0,1,0,0,0,0,0,0
map,knoxville,Knoxville,rslurry,slurry,https://github.com/rslurry,rslurry/subwaybuilder-maps,subwaybuilder-maps,60,9,2,0,5,4,0,0,0,0,0,0,0,0,0,1,0,1,0,0,2,0,10,7,1,5,7,2,4,0,0,0,0,0,0,0,0,0,0,0,0,0,0,0,0,0,0,0,0,0,0,0,0,0,0,0,0,0,0,0,0,0,0,0,0,0,0,0,0,0,0,0,0,0,0,0,0,0,0,0,0,0,0
map,pianura-emiliana,Pianura Emiliana,Maximilian284,max02,https://github.com/Maximilian284,maximilian284/subwaybuilder-it-maps,subwaybuilder-it-maps,60,0,0,0,0,0,0,0,0,0,0,0,0,0,2,3,6,1,0,2,3,0,3,1,0,2,1,1,1,5,1,1,0,1,1,0,1,0,0,0,1,1,1,1,1,0,0,1,0,1,1,2,0,1,0,0,0,0,0,0,0,0,0,0,2,2,0,0,0,1,2,1,0,0,1,2,0,0,0,0,1,1,0
map,ulsan-3,Ulsan (30km×30km),kimth9,kimth9,https://github.com/kimth9,kimth9/sb_korean_map_pack,sb_korean_map_pack,58,0,0,0,0,0,0,0,0,0,0,0,0,0,0,0,0,0,0,0,0,0,0,0,0,0,0,0,0,0,0,0,0,0,4,2,2,0,0,0,0,0,0,0,0,0,0,2,5,1,0,0,3,5,3,1,6,0,1,1,3,0,0,0,2,3,4,0,0,0,0,1,0,0,0,4,0,0,0,2,1,1,1
map,yukina-okayama,岡山 (Okayama),ahkimn,Yukina-,https://subwaybuildermodded.com/credits,ahkimn/subwaybuilder-jp-maps,subwaybuilder-jp-maps,55,0,0,0,0,0,0,0,0,0,0,0,0,1,2,2,5,1,1,2,2,0,2,2,0,2,2,0,0,3,0,2,2,1,2,2,0,2,1,0,0,1,0,0,0,0,0,0,0,2,0,0,0,1,0,0,2,0,1,0,0,0,1,1,0,0,0,0,1,0,1,2,0,0,0,0,2,0,0,0,0,1,0
map,yukina-tsugaru,津軽 (Tsugaru),ahkimn,Yukina-,https://subwaybuildermodded.com/credits,ahkimn/subwaybuilder-jp-maps,subwaybuilder-jp-maps,55,0,0,0,0,0,0,0,0,0,0,0,0,0,0,0,0,0,0,0,0,0,0,0,0,0,4,4,4,3,2,1,2,3,1,0,0,1,6,1,2,2,0,0,0,1,2,0,0,6,1,0,0,1,0,1,0,1,0,0,0,0,0,1,0,0,1,0,2,0,1,0,0,0,0,0,1,0,0,0,0,0,0
map,trondheim-no,Trondheim,rslurry,slurry,https://github.com/rslurry,rslurry/subwaybuilder-maps,subwaybuilder-maps,54,0,0,0,0,0,0,0,0,0,0,0,0,0,0,0,0,0,0,0,0,0,0,0,0,0,0,0,0,0,0,0,0,0,0,0,0,0,0,0,0,0,0,0,0,0,0,0,0,0,0,0,0,0,0,0,0,0,0,0,0,0,0,0,0,0,0,0,0,0,0,0,5,11,6,5,9,5,2,5,0,2,4
map,gwangju-3,Gwangju (30km×30km),kimth9,kimth9,https://github.com/kimth9,kimth9/sb_korean_map_pack,sb_korean_map_pack,53,0,0,0,0,0,0,0,0,0,0,0,0,0,0,0,0,0,0,0,0,0,0,0,0,0,0,0,0,0,0,0,0,0,4,5,4,1,2,3,6,1,2,2,1,1,2,5,2,0,0,0,1,0,0,2,1,0,0,0,1,1,0,0,0,0,2,0,0,0,0,0,0,0,0,4,0,0,0,0,0,0,0
map,riviera-romagnola,Riviera Romagnola,Maximilian284,max02,https://github.com/Maximilian284,maximilian284/subwaybuilder-it-maps,subwaybuilder-it-maps,52,0,0,0,0,0,0,0,5,2,0,0,0,0,0,0,1,0,1,0,5,1,5,1,1,2,3,1,0,2,0,0,0,2,0,3,1,1,0,1,2,1,0,1,1,0,0,0,1,0,0,0,0,0,1,0,0,0,0,1,0,0,0,1,0,1,0,0,0,0,1,0,0,0,1,0,1,1,0,0,0,0,0
map,pulau-pinang,Pulau Pinang,nzh0172,naz,https://github.com/nzh0172,nzh0172/sb-malaysia-map-pack-2,sb-malaysia-map-pack-2,49,0,0,0,0,0,0,0,0,0,0,0,0,0,0,0,0,0,0,0,0,0,0,0,0,0,0,0,0,0,0,0,0,8,4,0,3,1,3,2,3,3,0,2,0,0,0,2,1,2,0,1,0,1,0,1,1,1,0,0,0,1,0,0,1,0,1,0,0,0,0,1,0,1,0,0,2,0,2,0,1,0,0
map,opo-pt-metropolitan,"Porto, Portugal",bquelhas,bquelhas,https://github.com/bquelhas,bquelhas/subwaybuilder-map-opo,subwaybuilder-map-opo,48,0,0,0,0,0,0,0,0,0,0,0,0,0,0,0,0,0,0,0,0,0,0,0,0,0,0,0,0,0,0,0,0,0,0,0,0,0,0,0,0,0,0,0,0,0,0,0,0,0,0,0,0,0,0,0,0,0,0,0,0,0,0,0,0,0,0,0,0,0,0,0,0,0,0,0,0,0,0,0,0,0,48
map,tromso-no,Tromsø,rslurry,slurry,https://github.com/rslurry,rslurry/subwaybuilder-maps,subwaybuilder-maps,43,0,0,0,0,0,0,0,0,0,0,0,0,0,0,0,0,0,0,0,0,0,0,0,0,0,0,0,0,0,0,0,0,0,0,0,0,0,0,0,0,0,0,0,0,0,0,0,0,0,0,0,0,0,0,0,0,0,0,0,0,0,0,0,0,0,0,0,0,0,0,0,0,0,0,5,10,6,7,5,3,4,3
map,yukina-pl-bialystok,Białystok,ahkimn,Yukina-,https://subwaybuildermodded.com/credits,ahkimn/subwaybuilder-eu-maps,subwaybuilder-eu-maps,43,0,0,0,0,0,0,0,0,0,0,0,0,0,0,0,0,0,0,0,0,0,0,0,0,0,0,0,0,0,0,0,0,0,0,0,0,0,0,0,0,0,0,0,0,0,0,0,0,0,0,0,0,0,0,0,0,0,0,0,0,0,0,0,4,3,5,1,3,3,4,6,2,3,1,3,1,0,1,0,0,2,1
map,yukina-pl-szczecin,Szczecin,ahkimn,Yukina-,https://subwaybuildermodded.com/credits,ahkimn/subwaybuilder-eu-maps,subwaybuilder-eu-maps,43,0,0,0,0,0,0,0,0,0,0,0,0,0,0,0,0,0,0,0,0,0,0,0,0,0,0,0,0,0,0,0,0,0,0,0,0,0,0,0,0,0,0,0,0,0,0,0,0,0,0,0,0,0,0,0,0,0,0,0,0,0,0,0,5,1,4,3,3,1,4,5,4,2,2,2,3,1,0,1,0,2,0
map,syracuse-ny,"Syracuse, NY",PSWBSF,Potato Spaghetti Water Balloon Space Federation,https://youtu.be/dQw4w9WgXcQ?t=0,pswbsf/syracuse-ny,syracuse-ny,40,0,0,0,0,0,0,0,0,0,0,0,0,0,0,0,0,0,0,0,0,0,0,0,0,0,0,0,0,0,0,0,0,0,0,0,0,0,0,0,0,0,0,0,0,0,0,0,0,0,0,4,3,4,2,3,2,0,1,1,0,0,1,1,0,1,2,1,3,0,2,0,2,1,1,1,2,1,0,1,0,0,0
map,tri-cities,Tri-Cities,ryandicicco,ryandicicco,https://github.com/ryandicicco,ryandicicco/subway-builder-maps,Subway-Builder-Maps,38,0,0,0,0,0,0,0,0,0,0,0,0,0,0,0,0,0,0,0,0,0,0,0,0,0,0,0,0,0,0,0,0,0,0,0,0,0,0,0,0,0,0,0,0,0,0,0,0,0,0,0,0,0,0,0,0,0,0,0,0,0,0,0,0,0,3,9,3,3,5,1,2,4,4,0,1,1,0,2,0,0,0
map,yukina-nakadoori,中通り (Nakadōri),ahkimn,Yukina-,https://subwaybuildermodded.com/credits,ahkimn/subwaybuilder-jp-maps,subwaybuilder-jp-maps,38,0,0,0,0,0,0,0,0,0,0,0,0,0,0,0,0,0,0,0,0,0,0,0,0,0,3,2,3,1,2,1,1,1,1,0,0,2,3,0,0,2,0,1,0,1,0,0,1,2,1,0,0,0,0,1,1,0,0,0,0,0,0,1,0,0,1,0,2,0,1,2,0,0,0,0,1,0,0,0,0,0,0
map,yukina-tw-tainan,臺南 (Tainan),ahkimn,Yukina-,https://subwaybuildermodded.com/credits,ahkimn/subwaybuilder-tw-maps,subwaybuilder-tw-maps,37,0,0,0,0,0,0,0,0,0,0,0,0,0,0,0,0,0,0,0,0,0,0,0,0,0,0,0,0,0,0,0,0,0,0,0,0,0,0,0,0,0,0,0,0,0,0,0,0,0,0,0,0,0,0,0,0,0,0,0,0,0,0,0,0,0,0,0,0,0,0,0,0,0,0,7,7,8,4,7,0,1,3
map,daejeon-3,Daejeon (30km×30km),kimth9,kimth9,https://github.com/kimth9,kimth9/sb_korean_map_pack,sb_korean_map_pack,34,0,0,0,0,0,0,0,0,0,0,0,0,0,0,0,0,0,0,0,0,0,0,0,0,0,0,0,0,0,0,0,0,0,3,2,6,1,0,1,0,0,0,0,0,0,0,0,0,0,0,0,0,0,0,0,1,0,0,0,1,0,0,0,0,0,3,0,0,0,1,0,0,0,0,6,0,0,0,0,5,0,4
map,toledo-oh,Toledo,bean1322,bean1322,https://github.com/bean1322,bean1322/toledo-oh-map.git,toledo-oh-map.git,34,0,0,0,0,0,0,0,0,0,0,0,0,0,0,0,0,0,0,0,0,0,0,0,0,0,0,0,0,0,0,0,0,0,0,0,5,4,2,0,0,1,1,2,1,1,0,0,2,1,0,3,0,1,0,0,2,2,2,0,0,0,1,0,0,0,0,1,1,0,1,0,0,0,0,0,0,0,0,0,0,0,0
map,yukina-pl-lublin,Lublin,ahkimn,Yukina-,https://subwaybuildermodded.com/credits,ahkimn/subwaybuilder-eu-maps,subwaybuilder-eu-maps,34,0,0,0,0,0,0,0,0,0,0,0,0,0,0,0,0,0,0,0,0,0,0,0,0,0,0,0,0,0,0,0,0,0,0,0,0,0,0,0,0,0,0,0,0,0,0,0,0,0,0,0,0,0,0,0,0,0,0,0,0,0,0,0,5,1,4,0,1,3,1,7,2,1,4,3,1,0,1,0,0,0,0
map,yukina-tw-hsinchu,新竹 (Hsinchu),ahkimn,Yukina-,https://subwaybuildermodded.com/credits,ahkimn/subwaybuilder-tw-maps,subwaybuilder-tw-maps,34,0,0,0,0,0,0,0,0,0,0,0,0,0,0,0,0,0,0,0,0,0,0,0,0,0,0,0,0,0,0,0,0,0,0,0,0,0,0,0,0,0,0,0,0,0,0,0,0,0,0,0,0,0,0,0,0,0,0,0,0,0,0,0,0,0,0,0,0,0,0,0,0,0,0,10,8,5,3,5,0,1,2
map,bergen-stavanger-no,Bergen-Stavanger,rslurry,slurry,https://github.com/rslurry,rslurry/subwaybuilder-maps,subwaybuilder-maps,32,0,0,0,0,0,0,0,0,0,0,0,0,0,0,0,0,0,0,0,0,0,0,0,0,0,0,0,0,0,0,0,0,0,0,0,0,0,0,0,0,0,0,0,0,0,0,0,0,0,0,0,0,0,0,0,0,0,0,0,0,0,0,0,0,0,0,0,0,0,0,0,0,0,0,0,0,0,0,0,14,6,12
map,yukina-tw-chiayi,嘉義 (Chiayi),ahkimn,Yukina-,https://subwaybuildermodded.com/credits,ahkimn/subwaybuilder-tw-maps,subwaybuilder-tw-maps,31,0,0,0,0,0,0,0,0,0,0,0,0,0,0,0,0,0,0,0,0,0,0,0,0,0,0,0,0,0,0,0,0,0,0,0,0,0,0,0,0,0,0,0,0,0,0,0,0,0,0,0,0,0,0,0,0,0,0,0,0,0,0,0,0,0,0,0,0,0,0,0,0,0,0,8,7,7,2,4,0,2,1
map,akron-oh,"Akron, OH",bean1322,bean1322,https://github.com/bean1322,bean1322/akron-oh-map,akron-oh-map,29,0,0,0,0,0,0,0,0,0,0,0,0,0,0,0,0,0,0,0,0,0,0,0,0,0,0,0,0,0,0,5,2,1,3,1,2,0,1,1,0,1,0,2,0,0,1,0,2,0,0,0,0,0,0,0,1,1,1,0,0,0,1,0,0,0,1,0,0,0,0,1,0,0,0,0,1,0,0,0,0,0,0
map,johor-bahru,Johor Bahru,nzh0172,naz,https://github.com/nzh0172,nzh0172/sb-malaysia-map-pack-2,sb-malaysia-map-pack-2,27,0,0,0,0,0,0,0,0,0,0,0,0,0,0,0,0,0,0,0,0,0,0,0,0,0,0,0,0,0,0,0,0,6,3,0,3,1,1,0,2,0,0,0,0,2,0,0,0,0,0,0,0,0,0,2,1,1,0,0,0,0,0,1,1,0,2,0,0,0,0,0,0,0,0,1,0,0,0,0,0,0,0
map,yukina-kumamoto,熊本 (Kumamoto),ahkimn,Yukina-,https://subwaybuildermodded.com/credits,ahkimn/subwaybuilder-jp-maps,subwaybuilder-jp-maps,27,0,0,0,0,0,0,0,0,0,0,0,0,0,0,0,0,0,0,0,0,0,0,0,0,0,0,0,0,0,0,0,0,0,0,0,0,1,1,0,1,4,0,1,0,1,0,0,1,3,0,0,0,1,0,1,0,1,0,0,0,0,3,1,0,0,1,0,0,0,0,3,1,0,0,0,2,0,0,0,0,0,0
map,jeju-4,Jeju (40km×40km),kimth9,kimth9,https://github.com/kimth9,kimth9/sb_korean_map_pack,sb_korean_map_pack,26,0,0,0,0,0,0,0,0,0,0,0,0,0,0,0,0,0,0,0,0,0,0,0,0,0,0,0,0,0,0,0,0,0,7,2,2,0,0,0,1,0,0,0,0,1,2,0,1,0,0,0,0,0,0,0,0,0,0,0,1,0,0,0,1,1,2,0,0,0,0,0,1,1,0,0,1,0,0,0,2,0,0
map,mexicali,Mexicali-Imperial Valley-Yuma,rslurry,slurry,https://github.com/rslurry,rslurry/subwaybuilder-maps,subwaybuilder-maps,25,0,0,0,0,0,0,0,0,0,0,0,0,0,0,0,0,0,0,0,0,0,0,0,0,0,0,0,0,0,0,0,0,0,0,0,0,0,0,0,0,0,0,0,0,0,0,0,0,0,0,0,0,0,0,0,0,0,0,0,0,0,0,0,0,0,0,0,0,7,4,0,1,1,2,1,2,4,1,1,0,0,1
map,yukina-pl-rzeszow,Rzeszów,ahkimn,Yukina-,https://subwaybuildermodded.com/credits,ahkimn/subwaybuilder-eu-maps,subwaybuilder-eu-maps,24,0,0,0,0,0,0,0,0,0,0,0,0,0,0,0,0,0,0,0,0,0,0,0,0,0,0,0,0,0,0,0,0,0,0,0,0,0,0,0,0,0,0,0,0,0,0,0,0,0,0,0,0,0,0,0,0,0,0,0,0,0,0,0,3,1,3,0,1,1,2,4,2,1,1,1,1,0,1,0,0,1,1
map,ipoh,Ipoh,nzh0172,naz,https://github.com/nzh0172,nzh0172/sb-malaysia-map-pack-2,sb-malaysia-map-pack-2,19,0,0,0,0,0,0,0,0,0,0,0,0,0,0,0,0,0,0,0,0,0,0,0,0,0,0,0,0,0,0,0,0,6,3,0,1,0,1,0,1,0,0,0,0,0,1,0,1,0,0,0,0,0,0,0,2,0,0,0,0,0,0,0,0,0,2,0,0,0,0,0,0,0,0,0,1,0,0,0,0,0,0
map,yukina-morioka,盛岡 (Morioka),ahkimn,Yukina-,https://subwaybuildermodded.com/credits,ahkimn/subwaybuilder-jp-maps,subwaybuilder-jp-maps,18,0,0,0,0,0,0,0,0,0,0,0,0,0,0,0,0,0,0,0,0,0,0,0,0,0,0,0,0,0,0,0,0,0,0,0,0,1,1,0,0,2,0,1,0,1,0,0,1,4,0,0,0,0,1,1,0,0,0,0,0,0,0,1,0,0,1,0,0,0,0,1,1,0,0,0,1,0,0,0,0,0,0
map,kristiansand-no,Kristiansand,rslurry,slurry,https://github.com/rslurry,rslurry/subwaybuilder-maps,subwaybuilder-maps,16,0,0,0,0,0,0,0,0,0,0,0,0,0,0,0,0,0,0,0,0,0,0,0,0,0,0,0,0,0,0,0,0,0,0,0,0,0,0,0,0,0,0,0,0,0,0,0,0,0,0,0,0,0,0,0,0,0,0,0,0,0,0,0,0,0,0,0,0,0,0,0,0,0,0,0,10,1,1,0,1,1,2
map,yukina-cz-liberec-jablonec,Liberec - Jablonec nad Nisou,ahkimn,Yukina-,https://subwaybuildermodded.com/credits,ahkimn/subwaybuilder-eu-maps,subwaybuilder-eu-maps,16,0,0,0,0,0,0,0,0,0,0,0,0,0,0,0,0,0,0,0,0,0,0,0,0,0,0,0,0,0,0,0,0,0,0,0,0,0,0,0,0,0,0,0,0,0,0,0,0,0,0,0,0,0,0,0,0,0,0,0,0,0,0,0,0,0,0,0,0,4,0,4,3,0,1,1,1,0,2,0,0,0,0
map,yukina-cz-ceske-budejovice,České Budějovice,ahkimn,Yukina-,https://subwaybuildermodded.com/credits,ahkimn/subwaybuilder-eu-maps,subwaybuilder-eu-maps,14,0,0,0,0,0,0,0,0,0,0,0,0,0,0,0,0,0,0,0,0,0,0,0,0,0,0,0,0,0,0,0,0,0,0,0,0,0,0,0,0,0,0,0,0,0,0,0,0,0,0,0,0,0,0,0,0,0,0,0,0,0,0,0,0,0,0,0,0,3,0,3,2,0,2,2,1,0,1,0,0,0,0
map,yukina-tottori,鳥取 (Tottori),ahkimn,Yukina-,https://subwaybuildermodded.com/credits,ahkimn/subwaybuilder-jp-maps,subwaybuilder-jp-maps,12,0,0,0,0,0,0,0,0,0,0,0,0,0,0,0,0,0,0,0,0,0,0,0,0,0,0,0,0,0,0,0,0,0,0,0,0,1,1,0,0,1,0,1,1,1,0,0,0,2,1,0,0,0,0,0,0,0,0,0,0,0,0,1,0,0,0,0,0,0,2,0,0,0,0,0,0,0,0,0,0,0,0
